pointNumber,player1Name,player2Name,pointScore,gameScore,setScore,tiebreakScore,side,serverName,returnerName,clientTeam,opponentTeam,Position,pointEndPosition,Duration,rallyCount,rallyCountFreq,firstServeIn,secondServeIn,serveResult,serveInPlacement,firstServeZone,secondServeZone,isAce,serverFarNear,serverStartLocation,returnerStartLocation,firstServeXCoord,firstServeYCoord,secondServeXCoord,secondServeYCoord,returnDirection,returnFhBh,errorType,returnError,lastShotDirection,lastShotFhBh,lastShotHitBy,lastShotResult,pointWonBy,isExcitingPoint,isBreakPoint,atNetPlayer1,atNetPlayer2,setNum,player1SetScore,player2SetScore,player1GameScore,player2GameScore,player1PointScore,player2PointScore,player1TiebreakScore,player2TiebreakScore,gameNumber,player1ServeResult,player1ServePlacement,player1ReturnPlacement,player1ReturnFhBh,player1LastShotPlacement,player1LastShotFhBh,player1LastShotResult,player2ServeResult,player2ServePlacement,player2ReturnPlacement,player2ReturnFhBh,player2LastShotPlacement,player2LastShotFhBh,player2LastShotResult,deepCountPlayer1,deepCountPlayer2,shortCountPlayer1,shortCountPlayer2,Name
1,Giacomo Revelli,Henry Von Der Schulenberg,0-0,0-0,0-0,,Deuce,Giacomo Revelli,Henry Von Der Schulenberg,UCLA,Harvard,4330.0,26370.0,22040.0,17,13+,1,0,1st Serve In,T,T,,False,Far,,,47.69285871,-159.8451608,,,Down the Line,Backhand,Long,,Crosscourt,Forehand,Giacomo Revelli,Error,Henry Von Der Schulenberg,,False,,,1,0,0,0,0,0,0,,,1,1st Serve In,Deuce: T,,,Crosscourt,Forehand,Error,,,Down the Line,Backhand,,,,3.0,7.0,4.0,1.0,"Set 1: 0-0, 0-0 Giacomo Revelli Serving"
2,Giacomo Revelli,Henry Von Der Schulenberg,0-15,0-0,0-0,,Ad,Giacomo Revelli,Henry Von Der Schulenberg,UCLA,Harvard,61180.0,79830.0,18650.0,8,5-8,0,1,2nd Serve In,Body,Body,Body,False,Far,,,-79.66672135,208.0678806,-68.49516076,-99.58564086,Crosscourt,Backhand,Net,,Crosscourt,Backhand,Henry Von Der Schulenberg,Error,Giacomo Revelli,0.0,False,,,1,0,0,0,0,0,15,,,1,2nd Serve In,Ad: Body,,,,,,,,Crosscourt,Backhand,Crosscourt,Backhand,Error,0.0,1.0,3.0,1.0,"Set 1: 0-0, 0-15 Giacomo Revelli Serving"
3,Giacomo Revelli,Henry Von Der Schulenberg,15-15,0-0,0-0,,Deuce,Giacomo Revelli,Henry Von Der Schulenberg,UCLA,Harvard,101900.0,121070.0,19170.0,8,5-8,0,1,2nd Serve In,T,Wide,T,False,Far,,,195.4580052,-141.961554,25.80476815,-145.5357338,Down the Line,Backhand,Long,,Down the Line,Forehand,Henry Von Der Schulenberg,Error,Giacomo Revelli,0.0,False,,,1,0,0,0,0,15,15,,,1,2nd Serve In,Deuce: T,,,,,,,,Down the Line,Backhand,Down the Line,Forehand,Error,1.0,2.0,2.0,1.0,"Set 1: 0-0, 15-15 Giacomo Revelli Serving"
4,Giacomo Revelli,Henry Von Der Schulenberg,30-15,0-0,0-0,,Ad,Giacomo Revelli,Henry Von Der Schulenberg,UCLA,Harvard,145369.0,146100.0,731.0,2,1-4,0,1,2nd Serve In,T,,T,False,Far,,,,,-11.75412839,-166.64264,Down the Line,Forehand,Wide Left,Wide Left,Down the Line,Forehand,Henry Von Der Schulenberg,Error,Giacomo Revelli,0.0,False,,,1,0,0,0,0,30,15,,,1,2nd Serve In,Ad: T,,,,,,,,Down the Line,Forehand,Down the Line,Forehand,Error,0.0,0.0,0.0,0.0,"Set 1: 0-0, 30-15 Giacomo Revelli Serving"
5,Giacomo Revelli,Henry Von Der Schulenberg,40-15,0-0,0-0,,Deuce,Giacomo Revelli,Henry Von Der Schulenberg,UCLA,Harvard,164580.0,166399.0,1819.0,2,1-4,0,0,Double Fault,,Body,,False,Near,,,-98.18192804,70.99354221,,,Down the Line,Backhand,Long,Long,Down the Line,Backhand,Henry Von Der Schulenberg,Error,Giacomo Revelli,0.0,False,,,1,0,0,0,0,40,15,,,1,Double Fault,,,,,,,,,Down the Line,Backhand,Down the Line,Backhand,Error,0.0,0.0,0.0,0.0,"Set 1: 0-0, 40-15 Giacomo Revelli Serving"
6,Giacomo Revelli,Henry Von Der Schulenberg,0-0,1-0,0-0,,Deuce,Henry Von Der Schulenberg,Giacomo Revelli,UCLA,Harvard,220830.0,235899.0,15069.0,12,9-12,1,0,1st Serve In,T,T,,False,Far,,,39.60657262,-155.3356955,,,Down the Line,Backhand,Wide Left,,Down the Line,Backhand,Giacomo Revelli,Error,Henry Von Der Schulenberg,0.0,False,,,1,0,0,1,0,0,0,,,2,,,Down the Line,Backhand,Down the Line,Backhand,Error,1st Serve In,Deuce: T,,,,,,4.0,0.0,1.0,5.0,"Set 1: 1-0, 0-0 Henry Von Der Schulenberg Serving"
7,Giacomo Revelli,Henry Von Der Schulenberg,15-0,1-0,0-0,,Ad,Henry Von Der Schulenberg,Giacomo Revelli,UCLA,Harvard,256630.0,259200.0,2570.0,3,1-4,1,0,1st Serve In,Wide,Wide,,False,Far,,,-141.0328139,-176.0844488,,,Down the Line,Backhand,,,Down the Line,Forehand,Henry Von Der Schulenberg,Winner,Henry Von Der Schulenberg,0.0,False,,,1,0,0,1,0,15,0,,,2,,,Down the Line,Backhand,,,,1st Serve In,Ad: Wide,,,Down the Line,Forehand,Winner,1.0,1.0,0.0,0.0,"Set 1: 1-0, 15-0 Henry Von Der Schulenberg Serving"
8,Giacomo Revelli,Henry Von Der Schulenberg,30-0,1-0,0-0,,Deuce,Henry Von Der Schulenberg,Giacomo Revelli,UCLA,Harvard,285160.0,288480.0,3320.0,2,1-4,1,0,1st Serve In,T,T,,False,Far,,,6.375289808,-130.542115,,,Down the Line,Backhand,Wide Left,Wide Left,Down the Line,Backhand,Giacomo Revelli,Error,Henry Von Der Schulenberg,0.0,False,Giacomo Revelli,,1,0,0,1,0,30,0,,,2,,,Down the Line,Backhand,Down the Line,Backhand,Error,1st Serve In,Deuce: T,,,,,,0.0,0.0,0.0,0.0,"Set 1: 1-0, 30-0 Henry Von Der Schulenberg Serving"
9,Giacomo Revelli,Henry Von Der Schulenberg,40-0,1-0,0-0,,Ad,Henry Von Der Schulenberg,Giacomo Revelli,UCLA,Harvard,301679.0,302429.0,750.0,2,1-4,1,0,1st Serve In,T,T,,False,Far,,,-32.47065289,-158.3973917,,,Crosscourt,Forehand,Net,Net,Crosscourt,Forehand,Giacomo Revelli,Error,Henry Von Der Schulenberg,0.0,False,,,1,0,0,1,0,40,0,,,2,,,Crosscourt,Forehand,Crosscourt,Forehand,Error,1st Serve In,Ad: T,,,,,,0.0,0.0,0.0,0.0,"Set 1: 1-0, 40-0 Henry Von Der Schulenberg Serving"
10,Giacomo Revelli,Henry Von Der Schulenberg,0-0,1-1,0-0,,Deuce,Giacomo Revelli,Henry Von Der Schulenberg,UCLA,Harvard,330329.0,354380.0,24051.0,7,5-8,0,1,2nd Serve In,Body,Wide,Body,False,Near,,,-115.4446905,-149.047944,-53.04107612,243.2554353,Down the Line,Forehand,Net,,Down the Line,Backhand,Giacomo Revelli,Error,Henry Von Der Schulenberg,0.0,False,,,1,0,0,1,1,0,0,,,3,2nd Serve In,Deuce: Body,,,Down the Line,Backhand,Error,,,Down the Line,Forehand,,,,2.0,1.0,0.0,2.0,"Set 1: 1-1, 0-0 Giacomo Revelli Serving"
11,Giacomo Revelli,Henry Von Der Schulenberg,0-15,1-1,0-0,,Ad,Giacomo Revelli,Henry Von Der Schulenberg,UCLA,Harvard,389899.0,403100.0,13201.0,5,5-8,0,1,2nd Serve In,Wide,Body,Wide,False,Near,,,100.8471566,-36.68489173,115.1976925,242.814988,Crosscourt,Backhand,Net,,Down the Line,Forehand,Giacomo Revelli,Error,Henry Von Der Schulenberg,0.0,False,,,1,0,0,1,1,0,15,,,3,2nd Serve In,Ad: Wide,,,Down the Line,Forehand,Error,,,Crosscourt,Backhand,,,,0.0,0.0,1.0,2.0,"Set 1: 1-1, 0-15 Giacomo Revelli Serving"
12,Giacomo Revelli,Henry Von Der Schulenberg,0-30,1-1,0-0,,Deuce,Giacomo Revelli,Henry Von Der Schulenberg,UCLA,Harvard,429059.0,476779.0,47720.0,7,5-8,0,1,2nd Serve In,Body,T,Body,False,Near,,,-27.88406059,274.4781605,-56.91220472,209.5890639,Down the Line,Forehand,Net,,Down the Line,,Giacomo Revelli,Error,Henry Von Der Schulenberg,0.0,False,Giacomo Revelli,,1,0,0,1,1,0,30,,,3,2nd Serve In,Deuce: Body,,,Down the Line,,Error,,,Down the Line,Forehand,,,,0.0,0.0,2.0,2.0,"Set 1: 1-1, 0-30 Giacomo Revelli Serving"
13,Giacomo Revelli,Henry Von Der Schulenberg,15-30,1-1,0-0,,Ad,Giacomo Revelli,Henry Von Der Schulenberg,UCLA,Harvard,501089.0,510980.0,9891.0,7,5-8,0,0,Double Fault,,Wide,,False,Near,,,133.1114993,287.2742509,,,Crosscourt,Backhand,Net,,Down the Line,,Giacomo Revelli,Error,Henry Von Der Schulenberg,0.0,False,Giacomo Revelli,,1,0,0,1,1,15,30,,,3,Double Fault,,,,Down the Line,,,,,Crosscourt,Backhand,,,,1.0,0.0,0.0,3.0,"Set 1: 1-1, 15-30 Giacomo Revelli Serving"
14,Giacomo Revelli,Henry Von Der Schulenberg,15-40,1-1,0-0,,Deuce,Giacomo Revelli,Henry Von Der Schulenberg,UCLA,Harvard,535489.0,571460.0,35971.0,5,5-8,1,1,1st Serve In,T,T,T,False,Near,,,-30.7125,243.1566437,-14.89237752,22.02083333,Down the Line,Forehand,,,Down the Line,Forehand,Giacomo Revelli,Winner,Giacomo Revelli,0.0,True,,,1,0,0,1,1,15,40,,,3,1st Serve In,Deuce: T,,,Down the Line,Forehand,Winner,,,Down the Line,Forehand,,,,0.0,0.0,2.0,2.0,"Set 1: 1-1, 15-40 Giacomo Revelli Serving"
15,Giacomo Revelli,Henry Von Der Schulenberg,30-40,1-1,0-0,,Ad,Giacomo Revelli,Henry Von Der Schulenberg,UCLA,Harvard,599330.0,661179.0,61849.0,23,13+,1,0,1st Serve In,T,T,,False,Near,,,24.8643154,233.4120297,,,Crosscourt,Forehand,Net,,Down the Line,Backhand,Giacomo Revelli,Error,Henry Von Der Schulenberg,0.0,True,,,1,0,0,1,1,30,40,,,3,1st Serve In,Ad: T,,,Down the Line,Backhand,Error,,,Crosscourt,Forehand,,,,5.0,5.0,4.0,5.0,"Set 1: 1-1, 30-40 Giacomo Revelli Serving"
16,Giacomo Revelli,Henry Von Der Schulenberg,0-0,1-2,0-0,,Deuce,Henry Von Der Schulenberg,Giacomo Revelli,UCLA,Harvard,718929.0,721989.0,3060.0,3,1-4,1,0,1st Serve In,Wide,Wide,,False,Near,,,-138.9921424,242.7107229,,,Crosscourt,Forehand,,,Down the Line,Forehand,Henry Von Der Schulenberg,Winner,Henry Von Der Schulenberg,0.0,False,,,1,0,0,1,2,0,0,,,4,,,Crosscourt,Forehand,,,,1st Serve In,Deuce: Wide,,,Down the Line,Forehand,Winner,0.0,0.0,1.0,1.0,"Set 1: 1-2, 0-0 Henry Von Der Schulenberg Serving"
17,Giacomo Revelli,Henry Von Der Schulenberg,15-0,1-2,0-0,,Ad,Henry Von Der Schulenberg,Giacomo Revelli,UCLA,Harvard,740489.0,759859.0,19370.0,3,1-4,0,1,2nd Serve In,Body,Wide,Body,False,Near,,,106.1092137,-54.52804024,104.8399661,159.3283902,Crosscourt,Backhand,Net,,Down the Line,Forehand,Henry Von Der Schulenberg,Winner,Henry Von Der Schulenberg,0.0,False,,,1,0,0,1,2,15,0,,,4,,,Crosscourt,Backhand,,,,2nd Serve In,Ad: Body,,,Down the Line,Forehand,Winner,1.0,1.0,0.0,0.0,"Set 1: 1-2, 15-0 Henry Von Der Schulenberg Serving"
18,Giacomo Revelli,Henry Von Der Schulenberg,15-15,1-2,0-0,,Deuce,Henry Von Der Schulenberg,Giacomo Revelli,UCLA,Harvard,783390.0,811369.0,27979.0,7,5-8,0,1,2nd Serve In,Wide,Wide,Wide,False,Near,,,117.99153,-22.99833771,-115.6137577,244.9846129,Crosscourt,Forehand,Net,,Down the Line,Backhand,Henry Von Der Schulenberg,Error,Giacomo Revelli,0.0,False,,,1,0,0,1,2,15,15,,,4,,,Crosscourt,Forehand,,,,2nd Serve In,Deuce: Wide,,,Down the Line,Backhand,Error,0.0,1.0,3.0,1.0,"Set 1: 1-2, 15-15 Henry Von Der Schulenberg Serving"
19,Giacomo Revelli,Henry Von Der Schulenberg,15-30,1-2,0-0,,Ad,Henry Von Der Schulenberg,Giacomo Revelli,UCLA,Harvard,826059.0,833960.0,7901.0,7,5-8,1,0,1st Serve In,T,T,,False,Near,,,39.91443023,241.3133257,,,Crosscourt,Forehand,Long,,Crosscourt,Backhand,Henry Von Der Schulenberg,Error,Giacomo Revelli,0.0,False,,,1,0,0,1,2,15,30,,,4,,,Crosscourt,Forehand,,,,1st Serve In,Ad: T,,,Crosscourt,Backhand,Error,2.0,0.0,1.0,2.0,"Set 1: 1-2, 15-30 Henry Von Der Schulenberg Serving"
20,Giacomo Revelli,Henry Von Der Schulenberg,30-30,1-2,0-0,,Deuce,Henry Von Der Schulenberg,Giacomo Revelli,UCLA,Harvard,860190.0,869109.0,8919.0,8,5-8,1,0,1st Serve In,T,T,,False,Near,,,-35.96012686,237.9492454,,,Down the Line,Backhand,,,Down the Line,Forehand,Giacomo Revelli,Winner,Giacomo Revelli,0.0,False,,Henry Von Der Schulenberg,1,0,0,1,2,30,30,,,4,,,Down the Line,Backhand,Down the Line,Forehand,Winner,1st Serve In,Deuce: T,,,,,,1.0,0.0,3.0,2.0,"Set 1: 1-2, 30-30 Henry Von Der Schulenberg Serving"
21,Giacomo Revelli,Henry Von Der Schulenberg,30-40,1-2,0-0,,Ad,Henry Von Der Schulenberg,Giacomo Revelli,UCLA,Harvard,900760.0,912369.0,11609.0,10,9-12,1,0,1st Serve In,Wide,Wide,,False,Near,,,133.8555173,240.9284941,,,Down the Line,Backhand,Net,,Down the Line,Forehand,Giacomo Revelli,Error,Henry Von Der Schulenberg,0.0,True,,,1,0,0,1,2,30,40,,,4,,,Down the Line,Backhand,Down the Line,Forehand,Error,1st Serve In,Ad: Wide,,,,,,2.0,2.0,2.0,2.0,"Set 1: 1-2, 30-40 Henry Von Der Schulenberg Serving"
22,Giacomo Revelli,Henry Von Der Schulenberg,40-40,1-2,0-0,,Ad,Henry Von Der Schulenberg,Giacomo Revelli,UCLA,Harvard,944789.0,965309.0,20520.0,16,13+,1,0,1st Serve In,T,T,,False,Near,,,51.09066054,225.2286745,,,Crosscourt,Forehand,Long,,Down the Line,Forehand,Giacomo Revelli,Error,Henry Von Der Schulenberg,0.0,True,,,1,0,0,1,2,40,40,,,4,,,Crosscourt,Forehand,Down the Line,Forehand,Error,1st Serve In,Ad: T,,,,,,3.0,4.0,5.0,3.0,"Set 1: 1-2, 40-40 Henry Von Der Schulenberg Serving"
23,Giacomo Revelli,Henry Von Der Schulenberg,0-0,1-3,0-0,,Deuce,Giacomo Revelli,Henry Von Der Schulenberg,UCLA,Harvard,998469.0,1015460.0,16991.0,2,1-4,0,1,2nd Serve In,Body,T,Body,False,Far,,,30.21747047,236.9492727,65.6890748,-136.6111166,Crosscourt,Forehand,Net,Net,Crosscourt,Forehand,Henry Von Der Schulenberg,Winner,Henry Von Der Schulenberg,0.0,False,,,1,0,0,1,3,0,0,,,5,2nd Serve In,Deuce: Body,,,,,,,,Crosscourt,Forehand,Crosscourt,Forehand,Winner,0.0,1.0,0.0,0.0,"Set 1: 1-3, 0-0 Giacomo Revelli Serving"
24,Giacomo Revelli,Henry Von Der Schulenberg,0-15,1-3,0-0,,Ad,Giacomo Revelli,Henry Von Der Schulenberg,UCLA,Harvard,1037540.0,1041270.0,3730.0,4,1-4,1,0,1st Serve In,T,T,,False,Far,,,-4.509656605,-123.6954123,,,Crosscourt,Forehand,Net,,Down the Line,Forehand,Henry Von Der Schulenberg,Error,Giacomo Revelli,0.0,False,,,1,0,0,1,3,0,15,,,5,1st Serve In,Ad: T,,,,,,,,Crosscourt,Forehand,Down the Line,Forehand,Error,0.0,0.0,1.0,1.0,"Set 1: 1-3, 0-15 Giacomo Revelli Serving"
25,Giacomo Revelli,Henry Von Der Schulenberg,15-15,1-3,0-0,,Deuce,Giacomo Revelli,Henry Von Der Schulenberg,UCLA,Harvard,1071170.0,1086069.0,14899.0,3,1-4,0,1,2nd Serve In,T,Wide,T,False,Far,,,161.9968723,-125.3606299,46.68354659,-127.0478565,Down the Line,Forehand,Long,,Crosscourt,Forehand,Giacomo Revelli,Error,Henry Von Der Schulenberg,,False,,,1,0,0,1,3,15,15,,,5,2nd Serve In,Deuce: T,,,Crosscourt,Forehand,Error,,,Down the Line,Forehand,,,,0.0,1.0,0.0,0.0,"Set 1: 1-3, 15-15 Giacomo Revelli Serving"
26,Giacomo Revelli,Henry Von Der Schulenberg,15-30,1-3,0-0,,Ad,Giacomo Revelli,Henry Von Der Schulenberg,UCLA,Harvard,1111069.0,1118569.0,7500.0,9,9-12,1,0,1st Serve In,Wide,Wide,,False,Far,,,-145.6421041,-168.3132929,,,Crosscourt,Backhand,Net,,Crosscourt,,Giacomo Revelli,Error,Henry Von Der Schulenberg,,False,Giacomo Revelli,Henry Von Der Schulenberg,1,0,0,1,3,15,30,,,5,1st Serve In,Ad: Wide,,,Crosscourt,,Error,,,Crosscourt,Backhand,,,,1.0,0.0,0.0,3.0,"Set 1: 1-3, 15-30 Giacomo Revelli Serving"
27,Giacomo Revelli,Henry Von Der Schulenberg,15-40,1-3,0-0,,Deuce,Giacomo Revelli,Henry Von Der Schulenberg,UCLA,Harvard,1147569.0,1151969.0,4400.0,5,5-8,0,0,Double Fault,,Body,,False,Far,,,77.83373797,-246.481414,,,Down the Line,Backhand,,,Crosscourt,Forehand,Giacomo Revelli,Winner,Giacomo Revelli,,True,Giacomo Revelli,,1,0,0,1,3,15,40,,,5,Double Fault,,,,Crosscourt,Forehand,,,,Down the Line,Backhand,,,,0.0,0.0,2.0,2.0,"Set 1: 1-3, 15-40 Giacomo Revelli Serving"
28,Giacomo Revelli,Henry Von Der Schulenberg,30-40,1-3,0-0,,Ad,Giacomo Revelli,Henry Von Der Schulenberg,UCLA,Harvard,1178170.0,1178969.0,799.0,2,1-4,1,0,1st Serve In,Body,Body,,False,Far,,,-62.34949147,-185.34521,,,Down the Line,Forehand,Net,Net,Down the Line,Forehand,Henry Von Der Schulenberg,Error,Giacomo Revelli,,True,,,1,0,0,1,3,30,40,,,5,1st Serve In,Ad: Body,,,,,,,,Down the Line,Forehand,Down the Line,Forehand,Error,0.0,0.0,0.0,0.0,"Set 1: 1-3, 30-40 Giacomo Revelli Serving"
29,Giacomo Revelli,Henry Von Der Schulenberg,40-40,1-3,0-0,,Ad,Giacomo Revelli,Henry Von Der Schulenberg,UCLA,Harvard,1206140.0,1239920.0,33780.0,14,13+,0,1,2nd Serve In,T,T,T,False,Far,,,16.73975284,237.4179681,-52.36783136,-115.9356245,Crosscourt,Backhand,Net,,Down the Line,Forehand,Henry Von Der Schulenberg,Error,Giacomo Revelli,,True,,,1,0,0,1,3,40,40,,,5,2nd Serve In,Ad: T,,,,,,,,Crosscourt,Backhand,Down the Line,Forehand,Error,3.0,4.0,3.0,2.0,"Set 1: 1-3, 40-40 Giacomo Revelli Serving"
30,Giacomo Revelli,Henry Von Der Schulenberg,0-0,2-3,0-0,,Deuce,Henry Von Der Schulenberg,Giacomo Revelli,UCLA,Harvard,1334939.0,1347290.0,12351.0,4,1-4,0,1,2nd Serve In,Body,Wide,Body,False,Far,,,143.6015475,-253.296577,66.42765748,-142.4904199,Crosscourt,Forehand,Long,,Crosscourt,Backhand,Giacomo Revelli,Error,Henry Von Der Schulenberg,,False,,,1,0,0,2,3,0,0,,,6,,,Crosscourt,Forehand,Crosscourt,Backhand,Error,2nd Serve In,Deuce: Body,,,,,,0.0,0.0,1.0,1.0,"Set 1: 2-3, 0-0 Henry Von Der Schulenberg Serving"
31,Giacomo Revelli,Henry Von Der Schulenberg,15-0,2-3,0-0,,Ad,Henry Von Der Schulenberg,Giacomo Revelli,UCLA,Harvard,1372099.0,1372989.0,890.0,2,1-4,1,0,1st Serve In,Wide,Wide,,False,Far,,,-124.6000766,-111.3481901,,,Down the Line,Backhand,Net,Net,Down the Line,Backhand,Giacomo Revelli,Error,Henry Von Der Schulenberg,,False,,,1,0,0,2,3,15,0,,,6,,,Down the Line,Backhand,Down the Line,Backhand,Error,1st Serve In,Ad: Wide,,,,,,0.0,0.0,0.0,0.0,"Set 1: 2-3, 15-0 Henry Von Der Schulenberg Serving"
32,Giacomo Revelli,Henry Von Der Schulenberg,15-15,2-3,0-0,,Deuce,Henry Von Der Schulenberg,Giacomo Revelli,UCLA,Harvard,1394869.0,1409270.0,14401.0,12,9-12,1,0,1st Serve In,T,T,,False,Far,,,38.06066273,-195.400935,,,Down the Line,Backhand,Net,,Down the Line,Backhand,Giacomo Revelli,Error,Henry Von Der Schulenberg,,False,,,1,0,0,2,3,15,15,,,6,,,Down the Line,Backhand,Down the Line,Backhand,Error,1st Serve In,Deuce: T,,,,,,3.0,3.0,2.0,2.0,"Set 1: 2-3, 15-15 Henry Von Der Schulenberg Serving"
33,Giacomo Revelli,Henry Von Der Schulenberg,30-15,2-3,0-0,,Ad,Henry Von Der Schulenberg,Giacomo Revelli,UCLA,Harvard,1434300.0,1437040.0,2740.0,3,1-4,1,0,1st Serve In,Wide,Wide,,False,Far,,,-116.5468231,-130.431075,,,Crosscourt,Backhand,,,Down the Line,Forehand,Henry Von Der Schulenberg,Winner,Henry Von Der Schulenberg,,False,,,1,0,0,2,3,30,15,,,6,,,Crosscourt,Backhand,,,,1st Serve In,Ad: Wide,,,Down the Line,Forehand,Winner,0.0,1.0,1.0,0.0,"Set 1: 2-3, 30-15 Henry Von Der Schulenberg Serving"
34,Giacomo Revelli,Henry Von Der Schulenberg,40-15,2-3,0-0,,Deuce,Henry Von Der Schulenberg,Giacomo Revelli,UCLA,Harvard,1462130.0,1464300.0,2170.0,3,1-4,1,0,1st Serve In,T,T,,False,Far,,,33.06872266,-237.1880031,,,Down the Line,Backhand,Wide Left,,Down the Line,Backhand,Henry Von Der Schulenberg,Error,Giacomo Revelli,,False,,,1,0,0,2,3,40,15,,,6,,,Down the Line,Backhand,,,,1st Serve In,Deuce: T,,,Down the Line,Backhand,Error,1.0,0.0,0.0,0.0,"Set 1: 2-3, 40-15 Henry Von Der Schulenberg Serving"
35,Giacomo Revelli,Henry Von Der Schulenberg,40-30,2-3,0-0,,Ad,Henry Von Der Schulenberg,Giacomo Revelli,UCLA,Harvard,1486400.0,1487180.0,780.0,2,1-4,1,0,1st Serve In,T,T,,False,Far,,,-8.684930009,-182.6194663,,,Down the Line,Forehand,Net,Net,Down the Line,Forehand,Giacomo Revelli,Error,Henry Von Der Schulenberg,,False,,,1,0,0,2,3,40,30,,,6,,,Down the Line,Forehand,Down the Line,Forehand,Error,1st Serve In,Ad: T,,,,,,0.0,0.0,0.0,0.0,"Set 1: 2-3, 40-30 Henry Von Der Schulenberg Serving"
36,Giacomo Revelli,Henry Von Der Schulenberg,0-0,2-4,0-0,,Deuce,Giacomo Revelli,Henry Von Der Schulenberg,UCLA,Harvard,1512020.0,1543869.0,31849.0,7,5-8,0,1,2nd Serve In,T,T,T,False,Near,,,-2.471932415,319.7222058,-27.80387139,243.0510389,Down the Line,Forehand,Net,,Down the Line,Forehand,Giacomo Revelli,Error,Henry Von Der Schulenberg,,False,,,1,0,0,2,4,0,0,,,7,2nd Serve In,Deuce: T,,,Down the Line,Forehand,Error,,,Down the Line,Forehand,,,,2.0,2.0,0.0,0.0,"Set 1: 2-4, 0-0 Giacomo Revelli Serving"
37,Giacomo Revelli,Henry Von Der Schulenberg,15-0,2-4,0-0,,Ad,Giacomo Revelli,Henry Von Der Schulenberg,UCLA,Harvard,1566680.0,1583619.0,16939.0,1,1-4,0,0,Double Fault,Body,Body,Body,False,Near,,,102.328762,-40.60252625,76.32426728,-43.01241251,,,Net,,,,Giacomo Revelli,,Henry Von Der Schulenberg,,False,,,1,0,0,2,4,15,0,,,7,Double Fault,Ad: Body,,,,,,,,,,,,,0.0,0.0,0.0,0.0,"Set 1: 2-4, 15-0 Giacomo Revelli Serving"
38,Giacomo Revelli,Henry Von Der Schulenberg,15-15,2-4,0-0,,Deuce,Giacomo Revelli,Henry Von Der Schulenberg,UCLA,Harvard,1607979.0,1612650.0,4671.0,5,5-8,1,0,1st Serve In,T,T,,False,Near,,,-15.743493,242.4573327,,,Down the Line,Backhand,Long,,Crosscourt,Forehand,Giacomo Revelli,Error,Henry Von Der Schulenberg,,False,,,1,0,0,2,4,15,15,,,7,1st Serve In,Deuce: T,,,Crosscourt,Forehand,Error,,,Down the Line,Backhand,,,,1.0,1.0,0.0,0.0,"Set 1: 2-4, 15-15 Giacomo Revelli Serving"
39,Giacomo Revelli,Henry Von Der Schulenberg,15-30,2-4,0-0,,Ad,Giacomo Revelli,Henry Von Der Schulenberg,UCLA,Harvard,1641780.0,1668979.0,27199.0,13,13+,0,1,2nd Serve In,T,T,T,False,Near,,,-27.11822507,-15.75742563,20.49796588,174.7011756,Down the Line,Forehand,Net,,Crosscourt,Forehand,Giacomo Revelli,Error,Henry Von Der Schulenberg,,False,,,1,0,0,2,4,15,30,,,7,2nd Serve In,Ad: T,,,Crosscourt,Forehand,Error,,,Down the Line,Forehand,,,,3.0,3.0,2.0,3.0,"Set 1: 2-4, 15-30 Giacomo Revelli Serving"
40,Giacomo Revelli,Henry Von Der Schulenberg,15-40,2-4,0-0,,Deuce,Giacomo Revelli,Henry Von Der Schulenberg,UCLA,Harvard,1696880.0,1714170.0,17290.0,5,5-8,0,1,2nd Serve In,T,Wide,T,False,Near,,,-152.5717137,246.6073053,-21.87970801,244.5181759,Crosscourt,Backhand,Net,,Crosscourt,Backhand,Giacomo Revelli,Error,Henry Von Der Schulenberg,,True,,,1,0,0,2,4,15,40,,,7,2nd Serve In,Deuce: T,,,Crosscourt,Backhand,Error,,,Crosscourt,Backhand,,,,1.0,0.0,0.0,2.0,"Set 1: 2-4, 15-40 Giacomo Revelli Serving"
41,Giacomo Revelli,Henry Von Der Schulenberg,0-0,2-5,0-0,,Deuce,Henry Von Der Schulenberg,Giacomo Revelli,UCLA,Harvard,1722630.0,1832410.0,109780.0,3,1-4,1,1,1st Serve In,T,T,T,False,Far,,,-26.79180337,-101.0067312,-20.13552603,205.2090114,Down the Line,Backhand,Net,,Crosscourt,Forehand,Henry Von Der Schulenberg,Error,Giacomo Revelli,,False,,,1,0,0,2,5,0,0,,,8,,,Down the Line,Backhand,,,,1st Serve In,Deuce: T,,,Crosscourt,Forehand,Error,0.0,0.0,1.0,0.0,"Set 1: 2-5, 0-0 Henry Von Der Schulenberg Serving"
42,Giacomo Revelli,Henry Von Der Schulenberg,0-15,2-5,0-0,,Ad,Henry Von Der Schulenberg,Giacomo Revelli,UCLA,Harvard,1853479.0,1285403.0,-568076.0,2,1-4,1,0,1st Serve In,Wide,Wide,,False,Near,,,156.6921752,218.342815,,,Down the Line,Forehand,Wide Left,Wide Left,Down the Line,Forehand,Giacomo Revelli,Error,Henry Von Der Schulenberg,,False,,,1,0,0,2,5,0,15,,,8,,,Down the Line,Forehand,Down the Line,Forehand,Error,1st Serve In,Ad: Wide,,,,,,0.0,0.0,0.0,0.0,"Set 1: 2-5, 0-15 Henry Von Der Schulenberg Serving"
43,Giacomo Revelli,Henry Von Der Schulenberg,15-15,2-5,0-0,,Deuce,Henry Von Der Schulenberg,Giacomo Revelli,UCLA,Harvard,1876209.0,1879459.0,3250.0,4,1-4,1,0,1st Serve In,Body,Body,,False,Near,,,-101.1802767,244.6390529,,,Crosscourt,Forehand,Net,,Down the Line,Backhand,Giacomo Revelli,Error,Henry Von Der Schulenberg,,False,,,1,0,0,2,5,15,15,,,8,,,Crosscourt,Forehand,Down the Line,Backhand,Error,1st Serve In,Deuce: Body,,,,,,0.0,0.0,1.0,1.0,"Set 1: 2-5, 15-15 Henry Von Der Schulenberg Serving"
44,Giacomo Revelli,Henry Von Der Schulenberg,15-30,2-5,0-0,,Ad,Henry Von Der Schulenberg,Giacomo Revelli,UCLA,Harvard,1900180.0,1940280.0,40100.0,19,13+,0,1,2nd Serve In,Body,Wide,Body,False,Near,,,109.4182524,-58.74139873,80.86385608,209.259848,Down the Line,Backhand,Net,,Crosscourt,Forehand,Henry Von Der Schulenberg,Winner,Henry Von Der Schulenberg,,False,,,1,0,0,2,5,15,30,,,8,,,Down the Line,Backhand,,,,2nd Serve In,Ad: Body,,,Crosscourt,Forehand,Winner,3.0,4.0,6.0,5.0,"Set 1: 2-5, 15-30 Henry Von Der Schulenberg Serving"
45,Giacomo Revelli,Henry Von Der Schulenberg,15-40,2-5,0-0,,Deuce,Henry Von Der Schulenberg,Giacomo Revelli,UCLA,Harvard,1972459.0,1979160.0,6701.0,2,1-4,0,1,2nd Serve In,Wide,T,Wide,False,Near,,,17.90695538,-138.6487642,-157.2511647,244.3404582,Down the Line,Forehand,Net,Net,Down the Line,Forehand,Giacomo Revelli,Error,Henry Von Der Schulenberg,,True,,,1,0,0,2,5,15,40,,,8,,,Down the Line,Forehand,Down the Line,Forehand,Error,2nd Serve In,Deuce: Wide,,,,,,0.0,0.0,0.0,0.0,"Set 1: 2-5, 15-40 Henry Von Der Schulenberg Serving"
46,Giacomo Revelli,Henry Von Der Schulenberg,0-0,0-0,0-1,,Deuce,Giacomo Revelli,Henry Von Der Schulenberg,UCLA,Harvard,2129189.0,2148639.0,19450.0,6,5-8,0,1,2nd Serve In,Wide,T,Wide,False,Far,,,28.99603018,240.5473371,124.2945538,-108.9348589,Down the Line,Forehand,Net,,Down the Line,Forehand,Henry Von Der Schulenberg,Error,Giacomo Revelli,,False,,,2,0,1,0,0,0,0,,,1,2nd Serve In,Deuce: Wide,,,,,,,,Down the Line,Forehand,Down the Line,Forehand,Error,0.0,0.0,1.0,1.0,"Set 2: 0-0, 0-0 Giacomo Revelli Serving"
47,Giacomo Revelli,Henry Von Der Schulenberg,15-0,0-0,0-1,,Ad,Giacomo Revelli,Henry Von Der Schulenberg,UCLA,Harvard,2171689.0,2185302.0,13613.0,11,9-12,1,0,1st Serve In,Wide,Wide,,False,Far,,,-150.8978456,-165.2302384,,,Crosscourt,Backhand,Net,,Down the Line,Forehand,Giacomo Revelli,Error,Henry Von Der Schulenberg,,False,,,2,0,1,0,0,15,0,,,1,1st Serve In,Ad: Wide,,,Down the Line,Forehand,Error,,,Crosscourt,Backhand,,,,0.0,3.0,4.0,2.0,"Set 2: 0-0, 15-0 Giacomo Revelli Serving"
48,Giacomo Revelli,Henry Von Der Schulenberg,15-15,0-0,0-1,,Deuce,Giacomo Revelli,Henry Von Der Schulenberg,UCLA,Harvard,2222159.0,2225709.0,3550.0,4,1-4,1,0,1st Serve In,Wide,Wide,,False,Far,,,113.1876039,-190.3386045,,,Down the Line,Forehand,Wide Left,,Down the Line,Backhand,Henry Von Der Schulenberg,Error,Giacomo Revelli,,False,,,2,0,1,0,0,15,15,,,1,1st Serve In,Deuce: Wide,,,,,,,,Down the Line,Forehand,Down the Line,Backhand,Error,0.0,0.0,1.0,1.0,"Set 2: 0-0, 15-15 Giacomo Revelli Serving"
49,Giacomo Revelli,Henry Von Der Schulenberg,30-15,0-0,0-1,,Ad,Giacomo Revelli,Henry Von Der Schulenberg,UCLA,Harvard,2246659.0,2275659.0,29000.0,8,5-8,1,1,1st Serve In,Wide,Wide,Body,False,Far,,,-119.7416831,-243.597091,-64.33427931,-106.9124836,Crosscourt,Backhand,Net,,Down the Line,Forehand,Henry Von Der Schulenberg,Error,Giacomo Revelli,,False,,Henry Von Der Schulenberg,2,0,1,0,0,30,15,,,1,1st Serve In,Ad: Wide,,,,,,,,Crosscourt,Backhand,Down the Line,Forehand,Error,0.0,1.0,3.0,2.0,"Set 2: 0-0, 30-15 Giacomo Revelli Serving"
50,Giacomo Revelli,Henry Von Der Schulenberg,40-15,0-0,0-1,,Deuce,Giacomo Revelli,Henry Von Der Schulenberg,UCLA,Harvard,2289659.0,2289659.0,0.0,1,1-4,0,0,Double Fault,,Wide,,False,Far,,,167.0865322,-130.4618876,,,,,,,,,Giacomo Revelli,,Henry Von Der Schulenberg,,False,,,2,0,1,0,0,40,15,,,1,Double Fault,,,,,,,,,,,,,,0.0,0.0,0.0,0.0,"Set 2: 0-0, 40-15 Giacomo Revelli Serving"
51,Giacomo Revelli,Henry Von Der Schulenberg,0-0,1-0,0-1,,Deuce,Henry Von Der Schulenberg,Giacomo Revelli,UCLA,Harvard,2355830.0,2366790.0,10960.0,3,1-4,0,1,2nd Serve In,Body,Wide,Body,False,Far,,,130.0493438,-246.7227854,75.0631343,-174.8690562,Crosscourt,Forehand,Wide Right,,Down the Line,Forehand,Henry Von Der Schulenberg,Error,Giacomo Revelli,,False,,,2,0,1,1,0,0,0,,,2,,,Crosscourt,Forehand,,,,2nd Serve In,Deuce: Body,,,Down the Line,Forehand,Error,0.0,0.0,1.0,0.0,"Set 2: 1-0, 0-0 Henry Von Der Schulenberg Serving"
52,Giacomo Revelli,Henry Von Der Schulenberg,0-15,1-0,0-1,,Ad,Henry Von Der Schulenberg,Giacomo Revelli,UCLA,Harvard,2408989.0,2411560.0,2571.0,3,1-4,1,0,1st Serve In,Wide,Wide,,False,Far,,,-147.1392115,-219.3713419,,,Down the Line,Backhand,,,Crosscourt,Forehand,Henry Von Der Schulenberg,Winner,Henry Von Der Schulenberg,,False,,,2,0,1,1,0,0,15,,,2,,,Down the Line,Backhand,,,,1st Serve In,Ad: Wide,,,Crosscourt,Forehand,Winner,1.0,0.0,0.0,1.0,"Set 2: 1-0, 0-15 Henry Von Der Schulenberg Serving"
53,Giacomo Revelli,Henry Von Der Schulenberg,15-15,1-0,0-1,,Deuce,Henry Von Der Schulenberg,Giacomo Revelli,UCLA,Harvard,2432760.0,2441090.0,8330.0,7,5-8,1,0,1st Serve In,Wide,Wide,,False,Far,,,140.7029473,-191.7460685,,,Down the Line,Forehand,Long,,Down the Line,Backhand,Henry Von Der Schulenberg,Error,Giacomo Revelli,,False,,,2,0,1,1,0,15,15,,,2,,,Down the Line,Forehand,,,,1st Serve In,Deuce: Wide,,,Down the Line,Backhand,Error,2.0,1.0,1.0,1.0,"Set 2: 1-0, 15-15 Henry Von Der Schulenberg Serving"
54,Giacomo Revelli,Henry Von Der Schulenberg,15-30,1-0,0-1,,Ad,Henry Von Der Schulenberg,Giacomo Revelli,UCLA,Harvard,2462919.0,2466860.0,3941.0,4,1-4,1,0,1st Serve In,Wide,Wide,,False,Far,,,-133.9099464,-149.5619204,,,Down the Line,Backhand,Net,,Crosscourt,,Giacomo Revelli,Error,Henry Von Der Schulenberg,,False,Giacomo Revelli,,2,0,1,1,0,15,30,,,2,,,Down the Line,Backhand,Crosscourt,,Error,1st Serve In,Ad: Wide,,,,,,1.0,0.0,0.0,1.0,"Set 2: 1-0, 15-30 Henry Von Der Schulenberg Serving"
55,Giacomo Revelli,Henry Von Der Schulenberg,15-40,1-0,0-1,,Deuce,Henry Von Der Schulenberg,Giacomo Revelli,UCLA,Harvard,2494860.0,2495939.0,1079.0,2,1-4,1,0,1st Serve In,Wide,Wide,,False,Far,,,150.4224902,-176.8601597,,,Crosscourt,Forehand,Long,Long,Crosscourt,Forehand,Giacomo Revelli,Error,Henry Von Der Schulenberg,,True,,,2,0,1,1,0,15,40,,,2,,,Crosscourt,Forehand,Crosscourt,Forehand,Error,1st Serve In,Deuce: Wide,,,,,,0.0,0.0,0.0,0.0,"Set 2: 1-0, 15-40 Henry Von Der Schulenberg Serving"
56,Giacomo Revelli,Henry Von Der Schulenberg,30-40,1-0,0-1,,Ad,Henry Von Der Schulenberg,Giacomo Revelli,UCLA,Harvard,2514860.0,2517909.0,3049.0,4,1-4,1,0,1st Serve In,Wide,Wide,,False,Far,,,-143.7571796,-194.4470472,,,Down the Line,Backhand,Wide Right,,Down the Line,Forehand,Giacomo Revelli,Error,Henry Von Der Schulenberg,,True,,Henry Von Der Schulenberg,2,0,1,1,0,30,40,,,2,,,Down the Line,Backhand,Down the Line,Forehand,Error,1st Serve In,Ad: Wide,,,,,,0.0,0.0,1.0,1.0,"Set 2: 1-0, 30-40 Henry Von Der Schulenberg Serving"
57,Giacomo Revelli,Henry Von Der Schulenberg,40-40,1-0,0-1,,Deuce,Henry Von Der Schulenberg,Giacomo Revelli,UCLA,Harvard,2551120.0,2560159.0,9039.0,9,9-12,1,0,1st Serve In,T,T,,False,Far,,,42.77869641,-149.7102034,,,Down the Line,Backhand,Net,,Down the Line,Backhand,Henry Von Der Schulenberg,Error,Giacomo Revelli,,True,Giacomo Revelli,Henry Von Der Schulenberg,2,0,1,1,0,40,40,,,2,,,Down the Line,Backhand,,,,1st Serve In,Deuce: T,,,Down the Line,Backhand,Error,0.0,0.0,2.0,2.0,"Set 2: 1-0, 40-40 Henry Von Der Schulenberg Serving"
58,Giacomo Revelli,Henry Von Der Schulenberg,0-0,1-1,0-1,,Deuce,Giacomo Revelli,Henry Von Der Schulenberg,UCLA,Harvard,2590469.0,2593110.0,2641.0,3,1-4,1,0,1st Serve In,T,T,,False,Near,,,-38.83457458,243.0510389,,,Crosscourt,Backhand,,,Crosscourt,Forehand,Giacomo Revelli,Winner,Giacomo Revelli,,False,,,2,0,1,1,1,0,0,,,3,1st Serve In,Deuce: T,,,Crosscourt,Forehand,Winner,,,Crosscourt,Backhand,,,,1.0,0.0,0.0,1.0,"Set 2: 1-1, 0-0 Giacomo Revelli Serving"
59,Giacomo Revelli,Henry Von Der Schulenberg,15-0,1-1,0-1,,Ad,Giacomo Revelli,Henry Von Der Schulenberg,UCLA,Harvard,2622610.0,2633659.0,11049.0,9,9-12,1,0,1st Serve In,Wide,Wide,,False,Near,,,127.3442695,243.477745,,,Crosscourt,Backhand,,,Crosscourt,Forehand,Giacomo Revelli,Winner,Giacomo Revelli,,False,Giacomo Revelli,,2,0,1,1,1,15,0,,,3,1st Serve In,Ad: Wide,,,Crosscourt,Forehand,Winner,,,Crosscourt,Backhand,,,,3.0,1.0,1.0,3.0,"Set 2: 1-1, 15-0 Giacomo Revelli Serving"
60,Giacomo Revelli,Henry Von Der Schulenberg,30-0,1-1,0-1,,Deuce,Giacomo Revelli,Henry Von Der Schulenberg,UCLA,Harvard,2663909.0,2666610.0,2701.0,3,1-4,1,0,1st Serve In,Wide,Wide,,False,Near,,,-139.156157,244.5998578,,,Down the Line,Forehand,,,Crosscourt,Forehand,Giacomo Revelli,Winner,Giacomo Revelli,,False,,,2,0,1,1,1,30,0,,,3,1st Serve In,Deuce: Wide,,,Crosscourt,Forehand,Winner,,,Down the Line,Forehand,,,,0.0,0.0,1.0,1.0,"Set 2: 1-1, 30-0 Giacomo Revelli Serving"
61,Giacomo Revelli,Henry Von Der Schulenberg,40-0,1-1,0-1,,Ad,Giacomo Revelli,Henry Von Der Schulenberg,UCLA,Harvard,2688340.0,2701189.0,12849.0,4,1-4,0,1,2nd Serve In,Body,T,Body,False,Near,,,15.97713255,354.6962927,77.42264873,176.7619423,Crosscourt,Forehand,,,Down the Line,Forehand,Henry Von Der Schulenberg,Winner,Henry Von Der Schulenberg,,False,,,2,0,1,1,1,40,0,,,3,2nd Serve In,Ad: Body,,,,,,,,Crosscourt,Forehand,Down the Line,Forehand,Winner,1.0,2.0,0.0,0.0,"Set 2: 1-1, 40-0 Giacomo Revelli Serving"
62,Giacomo Revelli,Henry Von Der Schulenberg,0-0,2-1,0-1,,Deuce,Henry Von Der Schulenberg,Giacomo Revelli,UCLA,Harvard,2794439.0,2796639.0,2200.0,3,1-4,1,0,1st Serve In,T,T,,False,Near,,,-6.531266404,234.2102854,,,Down the Line,Backhand,,,Down the Line,Forehand,Henry Von Der Schulenberg,Winner,Henry Von Der Schulenberg,,False,,,2,0,1,2,1,0,0,,,4,,,Down the Line,Backhand,,,,1st Serve In,Deuce: T,,,Down the Line,Forehand,Winner,0.0,0.0,1.0,1.0,"Set 2: 2-1, 0-0 Henry Von Der Schulenberg Serving"
63,Giacomo Revelli,Henry Von Der Schulenberg,15-0,2-1,0-1,,Ad,Henry Von Der Schulenberg,Giacomo Revelli,UCLA,Harvard,2818139.0,2822320.0,4181.0,4,1-4,1,0,1st Serve In,T,T,,False,Near,,,51.25846457,235.1806321,,,Crosscourt,Forehand,,,Down the Line,Forehand,Giacomo Revelli,Winner,Giacomo Revelli,,False,,,2,0,1,2,1,15,0,,,4,,,Crosscourt,Forehand,Down the Line,Forehand,Winner,1st Serve In,Ad: T,,,,,,1.0,0.0,1.0,1.0,"Set 2: 2-1, 15-0 Henry Von Der Schulenberg Serving"
64,Giacomo Revelli,Henry Von Der Schulenberg,15-15,2-1,0-1,,Deuce,Henry Von Der Schulenberg,Giacomo Revelli,UCLA,Harvard,2839770.0,2856750.0,16980.0,13,13+,1,0,1st Serve In,T,T,,False,Near,,,-33.66552931,194.4458224,,,Down the Line,Backhand,,,Crosscourt,,Henry Von Der Schulenberg,Winner,Henry Von Der Schulenberg,,False,,Henry Von Der Schulenberg,2,0,1,2,1,15,15,,,4,,,Down the Line,Backhand,,,,1st Serve In,Deuce: T,,,Crosscourt,,Winner,1.0,2.0,5.0,4.0,"Set 2: 2-1, 15-15 Henry Von Der Schulenberg Serving"
65,Giacomo Revelli,Henry Von Der Schulenberg,30-15,2-1,0-1,,Ad,Henry Von Der Schulenberg,Giacomo Revelli,UCLA,Harvard,2885070.0,2888649.0,3579.0,4,1-4,1,0,1st Serve In,Wide,Wide,,False,Near,,,127.7914534,224.5937828,,,Crosscourt,Backhand,Long,,Crosscourt,Forehand,Giacomo Revelli,Error,Henry Von Der Schulenberg,,False,,,2,0,1,2,1,30,15,,,4,,,Crosscourt,Backhand,Crosscourt,Forehand,Error,1st Serve In,Ad: Wide,,,,,,1.0,0.0,0.0,1.0,"Set 2: 2-1, 30-15 Henry Von Der Schulenberg Serving"
66,Giacomo Revelli,Henry Von Der Schulenberg,40-15,2-1,0-1,,Deuce,Henry Von Der Schulenberg,Giacomo Revelli,UCLA,Harvard,2909199.0,2916489.0,7290.0,2,1-4,1,1,1st Serve In,T,T,T,False,Near,,,-41.04764326,112.2074967,-0.09473425197,108.8370243,Down the Line,Backhand,Net,Net,Down the Line,Backhand,Giacomo Revelli,Error,Henry Von Der Schulenberg,,False,,,2,0,1,2,1,40,15,,,4,,,Down the Line,Backhand,Down the Line,Backhand,Error,1st Serve In,Deuce: T,,,,,,0.0,0.0,0.0,0.0,"Set 2: 2-1, 40-15 Henry Von Der Schulenberg Serving"
67,Giacomo Revelli,Henry Von Der Schulenberg,0-0,2-2,0-1,,Deuce,Giacomo Revelli,Henry Von Der Schulenberg,UCLA,Harvard,2938550.0,2946750.0,8200.0,7,5-8,1,0,1st Serve In,Body,Body,,False,Far,,,71.94524825,-225.2708552,,,Down the Line,Backhand,Net,,Down the Line,,Giacomo Revelli,Error,Henry Von Der Schulenberg,,False,Giacomo Revelli,,2,0,1,2,2,0,0,,,5,1st Serve In,Deuce: Body,,,Down the Line,,Error,,,Down the Line,Backhand,,,,0.0,1.0,2.0,2.0,"Set 2: 2-2, 0-0 Giacomo Revelli Serving"
68,Giacomo Revelli,Henry Von Der Schulenberg,0-15,2-2,0-1,,Ad,Giacomo Revelli,Henry Von Der Schulenberg,UCLA,Harvard,2975350.0,3009580.0,34230.0,24,13+,1,0,1st Serve In,Body,Body,,False,Far,,,-101.184334,-212.5712598,,,Crosscourt,Backhand,Net,,Down the Line,Backhand,Henry Von Der Schulenberg,Error,Giacomo Revelli,,False,,Henry Von Der Schulenberg,2,0,1,2,2,0,15,,,5,1st Serve In,Ad: Body,,,,,,,,Crosscourt,Backhand,Down the Line,Backhand,Error,3.0,8.0,7.0,4.0,"Set 2: 2-2, 0-15 Giacomo Revelli Serving"
69,Giacomo Revelli,Henry Von Der Schulenberg,0-30,2-2,0-1,,Deuce,Giacomo Revelli,Henry Von Der Schulenberg,UCLA,Harvard,3038350.0,3039270.0,920.0,2,1-4,1,0,1st Serve In,Wide,Wide,,False,Far,,,134.2024552,-189.0510225,,,Down the Line,Forehand,Net,Net,Down the Line,Forehand,Henry Von Der Schulenberg,Error,Giacomo Revelli,,False,,,2,0,1,2,2,0,30,,,5,1st Serve In,Deuce: Wide,,,,,,,,Down the Line,Forehand,Down the Line,Forehand,Error,0.0,0.0,0.0,0.0,"Set 2: 2-2, 0-30 Giacomo Revelli Serving"
70,Giacomo Revelli,Henry Von Der Schulenberg,15-30,2-2,0-1,,Ad,Giacomo Revelli,Henry Von Der Schulenberg,UCLA,Harvard,3063580.0,3067000.0,3420.0,4,1-4,1,0,1st Serve In,Wide,Wide,,False,Far,,,-140.7546971,-213.9575186,,,Crosscourt,Backhand,Net,,Crosscourt,Forehand,Henry Von Der Schulenberg,Error,Giacomo Revelli,,False,,,2,0,1,2,2,15,30,,,5,1st Serve In,Ad: Wide,,,,,,,,Crosscourt,Backhand,Crosscourt,Forehand,Error,0.0,0.0,1.0,1.0,"Set 2: 2-2, 15-30 Giacomo Revelli Serving"
71,Giacomo Revelli,Henry Von Der Schulenberg,30-30,2-2,0-1,,Deuce,Giacomo Revelli,Henry Von Der Schulenberg,UCLA,Harvard,3093120.0,3097949.0,4829.0,5,5-8,1,0,1st Serve In,T,T,,False,Far,,,34.73459099,-161.9618876,,,Down the Line,Backhand,Net,,Crosscourt,Forehand,Giacomo Revelli,Error,Henry Von Der Schulenberg,,False,,,2,0,1,2,2,30,30,,,5,1st Serve In,Deuce: T,,,Crosscourt,Forehand,Error,,,Down the Line,Backhand,,,,1.0,2.0,0.0,0.0,"Set 2: 2-2, 30-30 Giacomo Revelli Serving"
72,Giacomo Revelli,Henry Von Der Schulenberg,30-40,2-2,0-1,,Ad,Henry Von Der Schulenberg,Giacomo Revelli,UCLA,Harvard,3128050.0,3133699.0,5649.0,2,1-4,0,0,Double Fault,,T,,False,Near,,,4.375421041,60.46391623,,,Down the Line,Forehand,Net,Net,Down the Line,Forehand,Henry Von Der Schulenberg,Error,Giacomo Revelli,,True,,,2,0,1,2,2,30,40,,,5,,,Down the Line,Forehand,,,,Double Fault,,,,Down the Line,Forehand,,0.0,0.0,0.0,0.0,"Set 2: 2-2, 30-40 Henry Von Der Schulenberg Serving"
73,Giacomo Revelli,Henry Von Der Schulenberg,40-40,2-2,0-1,,Ad,Giacomo Revelli,Henry Von Der Schulenberg,UCLA,Harvard,3151179.0,3153520.0,2341.0,3,1-4,1,0,1st Serve In,Wide,Wide,,False,Far,,,-128.9419674,-235.2996336,,,Crosscourt,Backhand,,,Down the Line,Forehand,Giacomo Revelli,Winner,Giacomo Revelli,,True,,,2,0,1,2,2,40,40,,,5,1st Serve In,Ad: Wide,,,Down the Line,Forehand,Winner,,,Crosscourt,Backhand,,,,0.0,0.0,1.0,1.0,"Set 2: 2-2, 40-40 Giacomo Revelli Serving"
74,Giacomo Revelli,Henry Von Der Schulenberg,0-0,3-2,0-1,,Deuce,Henry Von Der Schulenberg,Giacomo Revelli,UCLA,Harvard,3260350.0,3269659.0,9309.0,2,1-4,1,1,1st Serve In,Wide,Wide,Wide,False,Far,,,157.2147255,-198.8728018,112.7894138,-182.2640693,Crosscourt,Forehand,,,Crosscourt,Forehand,Giacomo Revelli,Winner,Giacomo Revelli,,False,,,2,0,1,3,2,0,0,,,6,,,Crosscourt,Forehand,Crosscourt,Forehand,Winner,1st Serve In,Deuce: Wide,,,,,,1.0,0.0,0.0,0.0,"Set 2: 3-2, 0-0 Henry Von Der Schulenberg Serving"
75,Giacomo Revelli,Henry Von Der Schulenberg,0-15,3-2,0-1,,Ad,Henry Von Der Schulenberg,Giacomo Revelli,UCLA,Harvard,3296510.0,3306629.0,10119.0,8,5-8,1,0,1st Serve In,T,T,,False,Far,,,-7.322900262,-212.8695866,,,Crosscourt,Forehand,Long,,Crosscourt,Forehand,Giacomo Revelli,Error,Henry Von Der Schulenberg,,False,,,2,0,1,3,2,0,15,,,6,,,Crosscourt,Forehand,Crosscourt,Forehand,Error,1st Serve In,Ad: T,,,,,,2.0,1.0,1.0,2.0,"Set 2: 3-2, 0-15 Henry Von Der Schulenberg Serving"
76,Giacomo Revelli,Henry Von Der Schulenberg,15-15,3-2,0-1,,Deuce,Henry Von Der Schulenberg,Giacomo Revelli,UCLA,Harvard,3340709.0,3349649.0,8940.0,8,5-8,1,0,1st Serve In,Body,Body,,False,Far,,,53.46050962,-203.1272692,,,Down the Line,Backhand,Long,,Crosscourt,Backhand,Giacomo Revelli,Error,Henry Von Der Schulenberg,,False,,,2,0,1,3,2,15,15,,,6,,,Down the Line,Backhand,Crosscourt,Backhand,Error,1st Serve In,Deuce: Body,,,,,,0.0,2.0,3.0,1.0,"Set 2: 3-2, 15-15 Henry Von Der Schulenberg Serving"
77,Giacomo Revelli,Henry Von Der Schulenberg,30-15,3-2,0-1,,Ad,Henry Von Der Schulenberg,Giacomo Revelli,UCLA,Harvard,3374110.0,3378000.0,3890.0,4,1-4,1,0,1st Serve In,Body,Body,,False,Far,,,-97.16530512,-200.1826608,,,Crosscourt,Backhand,Wide Right,,Crosscourt,Forehand,Giacomo Revelli,Error,Henry Von Der Schulenberg,,False,,,2,0,1,3,2,30,15,,,6,,,Crosscourt,Backhand,Crosscourt,Forehand,Error,1st Serve In,Ad: Body,,,,,,1.0,1.0,0.0,0.0,"Set 2: 3-2, 30-15 Henry Von Der Schulenberg Serving"
78,Giacomo Revelli,Henry Von Der Schulenberg,40-15,3-2,0-1,,Deuce,Henry Von Der Schulenberg,Giacomo Revelli,UCLA,Harvard,3407510.0,3436800.0,29290.0,16,13+,0,1,2nd Serve In,Body,Wide,Body,False,Far,,,127.3601542,-283.6181977,54.28142498,-177.6899934,Down the Line,Backhand,Net,,Crosscourt,Forehand,Giacomo Revelli,Error,Henry Von Der Schulenberg,,False,,,2,0,1,3,2,40,15,,,6,,,Down the Line,Backhand,Crosscourt,Forehand,Error,2nd Serve In,Deuce: Body,,,,,,5.0,3.0,2.0,4.0,"Set 2: 3-2, 40-15 Henry Von Der Schulenberg Serving"
79,Giacomo Revelli,Henry Von Der Schulenberg,0-0,3-3,0-1,,Deuce,Giacomo Revelli,Henry Von Der Schulenberg,UCLA,Harvard,3472699.0,3480949.0,8250.0,5,5-8,1,0,1st Serve In,Wide,Wide,,False,Near,,,-154.9573327,241.4745844,,,Down the Line,Forehand,Net,,Down the Line,Forehand,Giacomo Revelli,Error,Henry Von Der Schulenberg,,False,,,2,0,1,3,3,0,0,,,7,1st Serve In,Deuce: Wide,,,Down the Line,Forehand,Error,,,Down the Line,Forehand,,,,0.0,1.0,1.0,0.0,"Set 2: 3-3, 0-0 Giacomo Revelli Serving"
80,Giacomo Revelli,Henry Von Der Schulenberg,15-0,3-3,0-1,,Ad,Giacomo Revelli,Henry Von Der Schulenberg,UCLA,Harvard,3499199.0,3508649.0,9450.0,8,5-8,1,0,1st Serve In,Body,Body,,False,Near,,,89.9173119,245.0,,,Crosscourt,Backhand,Wide Right,,Down the Line,Forehand,Henry Von Der Schulenberg,Error,Giacomo Revelli,,False,,,2,0,1,3,3,15,0,,,7,1st Serve In,Ad: Body,,,,,,,,Crosscourt,Backhand,Down the Line,Forehand,Error,1.0,0.0,2.0,3.0,"Set 2: 3-3, 15-0 Giacomo Revelli Serving"
81,Giacomo Revelli,Henry Von Der Schulenberg,30-0,3-3,0-1,,Deuce,Giacomo Revelli,Henry Von Der Schulenberg,UCLA,Harvard,3533389.0,3541050.0,7661.0,7,5-8,0,0,Double Fault,,T,,False,Near,,,-36.34281496,316.1317585,,,Down the Line,Backhand,,,Down the Line,Backhand,Giacomo Revelli,Winner,Giacomo Revelli,,False,,,2,0,1,3,3,30,0,,,7,Double Fault,,,,Down the Line,Backhand,,,,Down the Line,Backhand,,,,2.0,2.0,1.0,1.0,"Set 2: 3-3, 30-0 Giacomo Revelli Serving"
82,Giacomo Revelli,Henry Von Der Schulenberg,30-15,3-3,0-1,,Ad,Giacomo Revelli,Henry Von Der Schulenberg,UCLA,Harvard,3572159.0,3583510.0,11351.0,2,1-4,0,1,2nd Serve In,T,T,T,False,Near,,,41.3214731,366.0224136,33.95727253,243.9988025,Down the Line,Forehand,Long,Long,Down the Line,Forehand,Henry Von Der Schulenberg,Error,Giacomo Revelli,,False,,,2,0,1,3,3,30,15,,,7,2nd Serve In,Ad: T,,,,,,,,Down the Line,Forehand,Down the Line,Forehand,Error,0.0,0.0,0.0,0.0,"Set 2: 3-3, 30-15 Giacomo Revelli Serving"
83,Giacomo Revelli,Henry Von Der Schulenberg,40-15,3-3,0-1,,Deuce,Giacomo Revelli,Henry Von Der Schulenberg,UCLA,Harvard,3602659.0,3612739.0,10080.0,9,9-12,0,0,Double Fault,,Wide,,False,Near,,,-155.81285,344.6601651,,,Down the Line,Forehand,Long,,Down the Line,Backhand,Giacomo Revelli,Error,Henry Von Der Schulenberg,,False,,,2,0,1,3,3,40,15,,,7,Double Fault,,,,Down the Line,Backhand,,,,Down the Line,Forehand,,,,2.0,2.0,0.0,2.0,"Set 2: 3-3, 40-15 Giacomo Revelli Serving"
84,Giacomo Revelli,Henry Von Der Schulenberg,40-30,3-3,0-1,,Ad,Giacomo Revelli,Henry Von Der Schulenberg,UCLA,Harvard,3639989.0,3646110.0,6121.0,6,5-8,1,0,1st Serve In,Body,Body,,False,Near,,,61.80910433,239.6109416,,,Crosscourt,Forehand,Net,,Down the Line,Forehand,Henry Von Der Schulenberg,Error,Giacomo Revelli,,False,,,2,0,1,3,3,40,30,,,7,1st Serve In,Ad: Body,,,,,,,,Crosscourt,Forehand,Down the Line,Forehand,Error,1.0,0.0,1.0,2.0,"Set 2: 3-3, 40-30 Giacomo Revelli Serving"
85,Giacomo Revelli,Henry Von Der Schulenberg,0-0,4-3,0-1,,Deuce,Henry Von Der Schulenberg,Giacomo Revelli,UCLA,Harvard,3739959.0,3766939.0,26980.0,12,9-12,0,1,2nd Serve In,T,Body,T,False,Near,,,-68.81660652,-7.486034558,-28.63427931,210.1033847,Down the Line,Forehand,Net,,Down the Line,Forehand,Giacomo Revelli,Error,Henry Von Der Schulenberg,,False,,,2,0,1,4,3,0,0,,,8,,,Down the Line,Forehand,Down the Line,Forehand,Error,2nd Serve In,Deuce: T,,,,,,1.0,5.0,4.0,0.0,"Set 2: 4-3, 0-0 Henry Von Der Schulenberg Serving"
86,Giacomo Revelli,Henry Von Der Schulenberg,15-0,4-3,0-1,,Ad,Henry Von Der Schulenberg,Giacomo Revelli,UCLA,Harvard,3799790.0,3803310.0,3520.0,4,1-4,1,0,1st Serve In,T,T,,False,Near,,,26.74721129,244.8555829,,,Crosscourt,Forehand,Long,,Crosscourt,Backhand,Giacomo Revelli,Error,Henry Von Der Schulenberg,,False,,,2,0,1,4,3,15,0,,,8,,,Crosscourt,Forehand,Crosscourt,Backhand,Error,1st Serve In,Ad: T,,,,,,0.0,0.0,1.0,1.0,"Set 2: 4-3, 15-0 Henry Von Der Schulenberg Serving"
87,Giacomo Revelli,Henry Von Der Schulenberg,30-0,4-3,0-1,,Deuce,Henry Von Der Schulenberg,Giacomo Revelli,UCLA,Harvard,3822929.0,3828590.0,5661.0,5,5-8,1,0,1st Serve In,Wide,Wide,,False,Near,,,-123.2152723,242.7498797,,,Crosscourt,Forehand,Wide Left,,Down the Line,Forehand,Henry Von Der Schulenberg,Error,Giacomo Revelli,,False,,,2,0,1,4,3,30,0,,,8,,,Crosscourt,Forehand,,,,1st Serve In,Deuce: Wide,,,Down the Line,Forehand,Error,0.0,1.0,2.0,0.0,"Set 2: 4-3, 30-0 Henry Von Der Schulenberg Serving"
88,Giacomo Revelli,Henry Von Der Schulenberg,30-15,4-3,0-1,,Ad,Henry Von Der Schulenberg,Giacomo Revelli,UCLA,Harvard,3860820.0,3873239.0,12419.0,10,9-12,1,0,1st Serve In,Wide,Wide,,False,Near,,,112.9518974,211.470199,,,Crosscourt,Backhand,Long,,Down the Line,Backhand,Giacomo Revelli,Error,Henry Von Der Schulenberg,,False,,,2,0,1,4,3,30,15,,,8,,,Crosscourt,Backhand,Down the Line,Backhand,Error,1st Serve In,Ad: Wide,,,,,,2.0,1.0,1.0,3.0,"Set 2: 4-3, 30-15 Henry Von Der Schulenberg Serving"
89,Giacomo Revelli,Henry Von Der Schulenberg,40-15,4-3,0-1,,Deuce,Henry Von Der Schulenberg,Giacomo Revelli,UCLA,Harvard,3896760.0,3909040.0,12280.0,10,9-12,1,0,1st Serve In,Wide,Wide,,False,Near,,,-133.972,243.6349464,,,Down the Line,Forehand,Long,,Down the Line,Forehand,Giacomo Revelli,Error,Henry Von Der Schulenberg,,False,,,2,0,1,4,3,40,15,,,8,,,Down the Line,Forehand,Down the Line,Forehand,Error,1st Serve In,Deuce: Wide,,,,,,1.0,0.0,3.0,4.0,"Set 2: 4-3, 40-15 Henry Von Der Schulenberg Serving"
90,Giacomo Revelli,Henry Von Der Schulenberg,0-0,4-4,0-1,,Deuce,Giacomo Revelli,Henry Von Der Schulenberg,UCLA,Harvard,3943340.0,3964419.0,21079.0,6,5-8,1,1,1st Serve In,Body,Body,T,False,Far,,,61.99864939,-217.3661144,50.04808618,-160.8191054,Down the Line,Forehand,Long,,Crosscourt,Backhand,Henry Von Der Schulenberg,Error,Giacomo Revelli,,False,,,2,0,1,4,4,0,0,,,9,1st Serve In,Deuce: Body,,,,,,,,Down the Line,Forehand,Crosscourt,Backhand,Error,0.0,2.0,2.0,1.0,"Set 2: 4-4, 0-0 Giacomo Revelli Serving"
91,Giacomo Revelli,Henry Von Der Schulenberg,15-0,4-4,0-1,,Ad,Giacomo Revelli,Henry Von Der Schulenberg,UCLA,Harvard,3985139.0,3998439.0,13300.0,4,1-4,0,1,2nd Serve In,Body,T,Body,False,Far,,,1.510312773,-5.803209755,-91.66949366,-120.8147638,Crosscourt,Backhand,,,Crosscourt,Backhand,Henry Von Der Schulenberg,Winner,Henry Von Der Schulenberg,,False,,,2,0,1,4,4,15,0,,,9,2nd Serve In,Ad: Body,,,,,,,,Crosscourt,Backhand,Crosscourt,Backhand,Winner,0.0,1.0,1.0,1.0,"Set 2: 4-4, 15-0 Giacomo Revelli Serving"
92,Giacomo Revelli,Henry Von Der Schulenberg,15-15,4-4,0-1,,Deuce,Giacomo Revelli,Henry Von Der Schulenberg,UCLA,Harvard,4024739.0,4028739.0,4000.0,4,1-4,1,0,1st Serve In,T,T,,False,Far,,,39.08337161,-208.5921533,,,Down the Line,Backhand,Long,,Down the Line,Forehand,Henry Von Der Schulenberg,Error,Giacomo Revelli,,False,,,2,0,1,4,4,15,15,,,9,1st Serve In,Deuce: T,,,,,,,,Down the Line,Backhand,Down the Line,Forehand,Error,0.0,1.0,1.0,0.0,"Set 2: 4-4, 15-15 Giacomo Revelli Serving"
93,Giacomo Revelli,Henry Von Der Schulenberg,30-15,4-4,0-1,,Ad,Giacomo Revelli,Henry Von Der Schulenberg,UCLA,Harvard,4049739.0,4054040.0,4301.0,5,5-8,1,0,1st Serve In,Body,Body,,False,Far,,,-57.22557415,-158.02278,,,Crosscourt,Forehand,Long,,Crosscourt,,Giacomo Revelli,Error,Henry Von Der Schulenberg,,False,Giacomo Revelli,,2,0,1,4,4,30,15,,,9,1st Serve In,Ad: Body,,,Crosscourt,,Error,,,Crosscourt,Forehand,,,,2.0,0.0,0.0,2.0,"Set 2: 4-4, 30-15 Giacomo Revelli Serving"
94,Giacomo Revelli,Henry Von Der Schulenberg,30-30,4-4,0-1,,Deuce,Giacomo Revelli,Henry Von Der Schulenberg,UCLA,Harvard,4092639.0,4104939.0,12300.0,3,1-4,0,1,2nd Serve In,T,Wide,T,False,Far,,,176.1743602,-126.5551236,29.76944444,-155.9911417,Down the Line,Forehand,Wide Right,,Crosscourt,Forehand,Giacomo Revelli,Error,Henry Von Der Schulenberg,,False,,,2,0,1,4,4,30,30,,,9,2nd Serve In,Deuce: T,,,Crosscourt,Forehand,Error,,,Down the Line,Forehand,,,,0.0,1.0,0.0,0.0,"Set 2: 4-4, 30-30 Giacomo Revelli Serving"
95,Giacomo Revelli,Henry Von Der Schulenberg,30-40,4-4,0-1,,Ad,Giacomo Revelli,Henry Von Der Schulenberg,UCLA,Harvard,4129839.0,4132040.0,2201.0,3,1-4,1,0,1st Serve In,Wide,Wide,,False,Far,,,-152.828,-191.169,,,Crosscourt,Backhand,,,Down the Line,Forehand,Giacomo Revelli,Winner,Giacomo Revelli,,True,,,2,0,1,4,4,30,40,,,9,1st Serve In,Ad: Wide,,,Down the Line,Forehand,Winner,,,Crosscourt,Backhand,,,,1.0,0.0,0.0,1.0,"Set 2: 4-4, 30-40 Giacomo Revelli Serving"
96,Giacomo Revelli,Henry Von Der Schulenberg,40-40,4-4,0-1,,Ad,Giacomo Revelli,Henry Von Der Schulenberg,UCLA,Harvard,4154770.0,4161720.0,6950.0,8,5-8,0,1,2nd Serve In,T,,T,False,Far,,,,,-43.7634,-223.699,Down the Line,Forehand,Long,,Crosscourt,Backhand,Henry Von Der Schulenberg,Error,Giacomo Revelli,,True,Giacomo Revelli,Henry Von Der Schulenberg,2,0,1,4,4,40,40,,,9,2nd Serve In,Ad: T,,,,,,,,Down the Line,Forehand,Crosscourt,Backhand,Error,0.0,0.0,2.0,3.0,"Set 2: 4-4, 40-40 Giacomo Revelli Serving"
97,Giacomo Revelli,Henry Von Der Schulenberg,0-0,5-4,0-1,,Deuce,Henry Von Der Schulenberg,Giacomo Revelli,UCLA,Harvard,4259990.0,4270919.0,10929.0,2,1-4,0,0,Double Fault,Body,Wide,Body,False,Far,,,166.2959318,-169.2881179,66.63442695,-245.8606463,Down the Line,Backhand,Net,Net,Down the Line,Backhand,Giacomo Revelli,Error,Henry Von Der Schulenberg,,False,,,2,0,1,5,4,0,0,,,10,,,Down the Line,Backhand,Down the Line,Backhand,Error,Double Fault,Deuce: Body,,,,,,0.0,0.0,0.0,0.0,"Set 2: 5-4, 0-0 Henry Von Der Schulenberg Serving"
98,Giacomo Revelli,Henry Von Der Schulenberg,0-15,5-4,0-1,,Ad,Henry Von Der Schulenberg,Giacomo Revelli,UCLA,Harvard,4293240.0,4301740.0,8500.0,7,5-8,1,0,1st Serve In,Wide,Wide,,False,Far,,,-131.8575623,-197.6520122,,,Down the Line,Backhand,Net,,Crosscourt,,Henry Von Der Schulenberg,Error,Giacomo Revelli,,False,,,2,0,1,5,4,0,15,,,10,,,Down the Line,Backhand,,,,1st Serve In,Ad: Wide,,,Crosscourt,,Error,1.0,0.0,2.0,2.0,"Set 2: 5-4, 0-15 Henry Von Der Schulenberg Serving"
99,Giacomo Revelli,Henry Von Der Schulenberg,0-30,5-4,0-1,,Deuce,Henry Von Der Schulenberg,Giacomo Revelli,UCLA,Harvard,4331100.0,4339939.0,8839.0,8,5-8,1,0,1st Serve In,Wide,Wide,,False,Far,,,118.0311078,-155.9444062,,,Down the Line,Forehand,Long,,Crosscourt,Forehand,Giacomo Revelli,Error,Henry Von Der Schulenberg,,False,,,2,0,1,5,4,0,30,,,10,,,Down the Line,Forehand,Crosscourt,Forehand,Error,1st Serve In,Deuce: Wide,,,,,,1.0,2.0,2.0,1.0,"Set 2: 5-4, 0-30 Henry Von Der Schulenberg Serving"
100,Giacomo Revelli,Henry Von Der Schulenberg,0-40,5-4,0-1,,Ad,Henry Von Der Schulenberg,Giacomo Revelli,UCLA,Harvard,4363140.0,4379540.0,16400.0,12,9-12,1,0,1st Serve In,Wide,Wide,,False,Far,,,-140.283131,-122.2017115,,,Down the Line,Backhand,,,Down the Line,Forehand,Giacomo Revelli,Winner,Giacomo Revelli,,True,Giacomo Revelli,,2,0,1,5,4,0,40,,,10,,,Down the Line,Backhand,Down the Line,Forehand,Winner,1st Serve In,Ad: Wide,,,,,,1.0,0.0,4.0,3.0,"Set 2: 5-4, 0-40 Henry Von Der Schulenberg Serving"
101,Giacomo Revelli,Henry Von Der Schulenberg,0-0,0-0,1-1,,Deuce,Giacomo Revelli,Henry Von Der Schulenberg,UCLA,Harvard,4615979.0,4646529.0,30550.0,17,13+,0,1,2nd Serve In,Body,T,Body,False,Near,,,-30.45696632,246.061215,-69.23584864,240.6924814,Down the Line,Forehand,,,Down the Line,Forehand,Giacomo Revelli,Winner,Giacomo Revelli,,False,,,3,1,1,0,0,0,0,,,1,2nd Serve In,Deuce: Body,,,Down the Line,Forehand,Winner,,,Down the Line,Forehand,,,,2.0,3.0,5.0,5.0,"Set 3: 0-0, 0-0 Giacomo Revelli Serving"
102,Giacomo Revelli,Henry Von Der Schulenberg,15-0,0-0,1-1,,Ad,Giacomo Revelli,Henry Von Der Schulenberg,UCLA,Harvard,4660330.0,4678229.0,17899.0,3,1-4,0,1,2nd Serve In,Wide,T,Wide,False,Near,,,47.22282371,400.5033465,127.8226105,237.4877843,Crosscourt,Backhand,,,Down the Line,Forehand,Giacomo Revelli,Winner,Giacomo Revelli,,False,Giacomo Revelli,,3,1,1,0,0,15,0,,,1,2nd Serve In,Ad: Wide,,,Down the Line,Forehand,Winner,,,Crosscourt,Backhand,,,,0.0,0.0,1.0,1.0,"Set 3: 0-0, 15-0 Giacomo Revelli Serving"
103,Giacomo Revelli,Henry Von Der Schulenberg,30-0,0-0,1-1,,Deuce,Giacomo Revelli,Henry Von Der Schulenberg,UCLA,Harvard,4701919.0,4717330.0,15411.0,11,9-12,1,0,1st Serve In,T,T,,False,Near,,,-16.16545276,244.5798392,,,Down the Line,Backhand,,,Down the Line,Backhand,Giacomo Revelli,Winner,Giacomo Revelli,,False,,Henry Von Der Schulenberg,3,1,1,0,0,30,0,,,1,1st Serve In,Deuce: T,,,Down the Line,Backhand,Winner,,,Down the Line,Backhand,,,,1.0,2.0,4.0,3.0,"Set 3: 0-0, 30-0 Giacomo Revelli Serving"
104,Giacomo Revelli,Henry Von Der Schulenberg,30-15,0-0,1-1,,Ad,Giacomo Revelli,Henry Von Der Schulenberg,UCLA,Harvard,4753810.0,4763229.0,9419.0,8,5-8,1,0,1st Serve In,T,T,,False,Near,,,17.14291885,240.464392,,,Crosscourt,Forehand,Wide Left,,Down the Line,Backhand,Henry Von Der Schulenberg,Error,Giacomo Revelli,,False,Giacomo Revelli,,3,1,1,0,0,30,15,,,1,1st Serve In,Ad: T,,,,,,,,Crosscourt,Forehand,Down the Line,Backhand,Error,1.0,0.0,2.0,3.0,"Set 3: 0-0, 30-15 Giacomo Revelli Serving"
105,Giacomo Revelli,Henry Von Der Schulenberg,40-15,0-0,1-1,,Deuce,Giacomo Revelli,Henry Von Der Schulenberg,UCLA,Harvard,4788149.0,4802310.0,14161.0,5,5-8,0,1,2nd Serve In,Wide,Wide,Wide,False,Near,,,-125.3264108,-209.0578248,-126.6376094,242.3237478,Crosscourt,Forehand,Net,,Down the Line,Backhand,Giacomo Revelli,Error,Henry Von Der Schulenberg,,False,,,3,1,1,0,0,40,15,,,1,2nd Serve In,Deuce: Wide,,,Down the Line,Backhand,Error,,,Crosscourt,Forehand,,,,1.0,0.0,0.0,2.0,"Set 3: 0-0, 40-15 Giacomo Revelli Serving"
106,Giacomo Revelli,Henry Von Der Schulenberg,40-30,0-0,1-1,,Ad,Giacomo Revelli,Henry Von Der Schulenberg,UCLA,Harvard,4827279.0,4831200.0,3921.0,4,1-4,1,0,1st Serve In,Wide,Wide,,False,Near,,,151.1223371,243.4357557,,,Crosscourt,Backhand,,,Crosscourt,Forehand,Henry Von Der Schulenberg,Winner,Henry Von Der Schulenberg,,False,,,3,1,1,0,0,40,30,,,1,1st Serve In,Ad: Wide,,,,,,,,Crosscourt,Backhand,Crosscourt,Forehand,Winner,0.0,0.0,1.0,2.0,"Set 3: 0-0, 40-30 Giacomo Revelli Serving"
107,Giacomo Revelli,Henry Von Der Schulenberg,40-40,0-0,1-1,,Ad,Giacomo Revelli,Henry Von Der Schulenberg,UCLA,Harvard,4856709.0,4858942.0,2233.0,4,1-4,1,0,1st Serve In,Body,Body,,False,Near,,,99.15369094,213.6620243,,,Crosscourt,Backhand,Net,,Crosscourt,Forehand,Henry Von Der Schulenberg,Error,Giacomo Revelli,,True,Giacomo Revelli,,3,1,1,0,0,40,40,,,1,1st Serve In,Ad: Body,,,,,,,,Crosscourt,Backhand,Crosscourt,Forehand,Error,0.0,0.0,1.0,1.0,"Set 3: 0-0, 40-40 Giacomo Revelli Serving"
108,Giacomo Revelli,Henry Von Der Schulenberg,0-0,1-0,1-1,,Deuce,Henry Von Der Schulenberg,Giacomo Revelli,UCLA,Harvard,4929250.0,4951529.0,22279.0,8,5-8,0,1,2nd Serve In,T,T,T,False,Near,,,10.15045932,-7.948605643,-43.37734033,198.4632054,Crosscourt,Backhand,Net,,Down the Line,Backhand,Giacomo Revelli,Error,Henry Von Der Schulenberg,,False,,,3,1,1,1,0,0,0,,,2,,,Crosscourt,Backhand,Down the Line,Backhand,Error,2nd Serve In,Deuce: T,,,,,,2.0,2.0,1.0,1.0,"Set 3: 1-0, 0-0 Henry Von Der Schulenberg Serving"
109,Giacomo Revelli,Henry Von Der Schulenberg,15-0,1-0,1-1,,Ad,Henry Von Der Schulenberg,Giacomo Revelli,UCLA,Harvard,4972850.0,4983509.0,10659.0,3,1-4,0,1,2nd Serve In,Body,Body,Body,False,Near,,,95.68358486,-49.62038495,87.91376859,242.6105534,Down the Line,Forehand,Net,,Down the Line,Forehand,Henry Von Der Schulenberg,Error,Giacomo Revelli,,False,,,3,1,1,1,0,15,0,,,2,,,Down the Line,Forehand,,,,2nd Serve In,Ad: Body,,,Down the Line,Forehand,Error,1.0,0.0,0.0,0.0,"Set 3: 1-0, 15-0 Henry Von Der Schulenberg Serving"
110,Giacomo Revelli,Henry Von Der Schulenberg,15-15,1-0,1-1,,Deuce,Henry Von Der Schulenberg,Giacomo Revelli,UCLA,Harvard,5003939.0,5016029.0,12090.0,8,5-8,1,0,1st Serve In,T,T,,False,Near,,,-50.10400809,244.4318624,,,Down the Line,Backhand,Net,,Down the Line,Forehand,Giacomo Revelli,Error,Henry Von Der Schulenberg,,False,,,3,1,1,1,0,15,15,,,2,,,Down the Line,Backhand,Down the Line,Forehand,Error,1st Serve In,Deuce: T,,,,,,1.0,2.0,3.0,1.0,"Set 3: 1-0, 15-15 Henry Von Der Schulenberg Serving"
111,Giacomo Revelli,Henry Von Der Schulenberg,15-30,1-0,1-1,,Ad,Henry Von Der Schulenberg,Giacomo Revelli,UCLA,Harvard,5036439.0,5038740.0,2301.0,3,1-4,1,0,1st Serve In,T,T,,False,Near,,,38.03402231,244.3167268,,,Crosscourt,Forehand,Net,,Down the Line,Forehand,Henry Von Der Schulenberg,Error,Giacomo Revelli,,False,,,3,1,1,1,0,15,30,,,2,,,Crosscourt,Forehand,,,,1st Serve In,Ad: T,,,Down the Line,Forehand,Error,0.0,0.0,1.0,0.0,"Set 3: 1-0, 15-30 Henry Von Der Schulenberg Serving"
112,Giacomo Revelli,Henry Von Der Schulenberg,15-40,1-0,1-1,,Deuce,Henry Von Der Schulenberg,Giacomo Revelli,UCLA,Harvard,5067040.0,5073330.0,6290.0,6,5-8,1,0,1st Serve In,T,T,,False,Near,,,-7.27907371,243.3926947,,,Crosscourt,Backhand,Long,,Crosscourt,Backhand,Giacomo Revelli,Error,Henry Von Der Schulenberg,,True,,,3,1,1,1,0,15,40,,,2,,,Crosscourt,Backhand,Crosscourt,Backhand,Error,1st Serve In,Deuce: T,,,,,,0.0,2.0,2.0,0.0,"Set 3: 1-0, 15-40 Henry Von Der Schulenberg Serving"
113,Giacomo Revelli,Henry Von Der Schulenberg,30-40,1-0,1-1,,Ad,Henry Von Der Schulenberg,Giacomo Revelli,UCLA,Harvard,5100390.0,5119089.0,18699.0,15,13+,1,0,1st Serve In,Body,Body,,False,Near,,,63.28925525,216.3393865,,,Crosscourt,Forehand,Net,,Down the Line,Forehand,Henry Von Der Schulenberg,Error,Giacomo Revelli,,True,,,3,1,1,1,0,30,40,,,2,,,Crosscourt,Forehand,,,,1st Serve In,Ad: Body,,,Down the Line,Forehand,Error,1.0,4.0,6.0,2.0,"Set 3: 1-0, 30-40 Henry Von Der Schulenberg Serving"
114,Giacomo Revelli,Henry Von Der Schulenberg,0-0,2-0,1-1,,Deuce,Giacomo Revelli,Henry Von Der Schulenberg,UCLA,Harvard,5168689.0,5209589.0,40900.0,2,1-4,1,0,1st Serve In,Body,Body,,False,Far,,,66.23822725,-137.0961559,,,Down the Line,Backhand,Net,Net,Down the Line,Backhand,Henry Von Der Schulenberg,Error,Giacomo Revelli,,False,,,3,1,1,2,0,0,0,,,3,1st Serve In,Deuce: Body,,,,,,,,Down the Line,Backhand,Down the Line,Backhand,Error,0.0,0.0,0.0,0.0,"Set 3: 2-0, 0-0 Giacomo Revelli Serving"
115,Giacomo Revelli,Henry Von Der Schulenberg,15-0,2-0,1-1,,Ad,Giacomo Revelli,Henry Von Der Schulenberg,UCLA,Harvard,5191890.0,5192959.0,1069.0,2,1-4,1,0,1st Serve In,T,T,,False,Far,,,-23.937,-174.289,,,Down the Line,Forehand,Long,Long,Down the Line,Forehand,Henry Von Der Schulenberg,Error,Giacomo Revelli,,False,,,3,1,1,2,0,15,0,,,3,1st Serve In,Ad: T,,,,,,,,Down the Line,Forehand,Down the Line,Forehand,Error,0.0,0.0,0.0,0.0,"Set 3: 2-0, 15-0 Giacomo Revelli Serving"
116,Giacomo Revelli,Henry Von Der Schulenberg,30-0,2-0,1-1,,Deuce,Giacomo Revelli,Henry Von Der Schulenberg,UCLA,Harvard,5208859.0,5209589.0,730.0,2,1-4,1,0,1st Serve In,T,T,,False,Far,,,50.19545057,-160.288,,,Down the Line,Backhand,Wide Right,Wide Right,Down the Line,Backhand,Henry Von Der Schulenberg,Error,Giacomo Revelli,,False,,,3,1,1,2,0,30,0,,,3,1st Serve In,Deuce: T,,,,,,,,Down the Line,Backhand,Down the Line,Backhand,Error,0.0,0.0,0.0,0.0,"Set 3: 2-0, 30-0 Giacomo Revelli Serving"
117,Giacomo Revelli,Henry Von Der Schulenberg,40-0,2-0,1-1,,Ad,Giacomo Revelli,Henry Von Der Schulenberg,UCLA,Harvard,5234160.0,5248330.0,14170.0,5,5-8,1,0,1st Serve In,Wide,Wide,,False,Far,,,-124.7941,-219.8576061,,,Crosscourt,Backhand,,,Down the Line,Backhand,Giacomo Revelli,Winner,Giacomo Revelli,,False,,,3,1,1,2,0,40,0,,,3,1st Serve In,Ad: Wide,,,Down the Line,Backhand,Winner,,,Crosscourt,Backhand,,,,1.0,0.0,1.0,2.0,"Set 3: 2-0, 40-0 Giacomo Revelli Serving"
118,Giacomo Revelli,Henry Von Der Schulenberg,0-0,3-0,1-1,,Deuce,Henry Von Der Schulenberg,Giacomo Revelli,UCLA,Harvard,5299890.0,5340160.0,40270.0,9,9-12,1,1,1st Serve In,T,T,T,False,Far,,,5.49420385,38.22934711,31.36725722,-173.468329,Crosscourt,Backhand,Net,,Down the Line,Forehand,Henry Von Der Schulenberg,Error,Giacomo Revelli,,False,,,3,1,1,3,0,0,0,,,4,,,Crosscourt,Backhand,,,,1st Serve In,Deuce: T,,,Down the Line,Forehand,Error,2.0,0.0,2.0,3.0,"Set 3: 3-0, 0-0 Henry Von Der Schulenberg Serving"
119,Giacomo Revelli,Henry Von Der Schulenberg,0-15,3-0,1-1,,Ad,Henry Von Der Schulenberg,Giacomo Revelli,UCLA,Harvard,5370660.0,5373189.0,2529.0,3,1-4,1,0,1st Serve In,Wide,Wide,,False,Far,,,-139.6119915,-170.5854604,,,Crosscourt,Backhand,Long,,Crosscourt,Backhand,Henry Von Der Schulenberg,Error,Giacomo Revelli,,False,,,3,1,1,3,0,0,15,,,4,,,Crosscourt,Backhand,,,,1st Serve In,Ad: Wide,,,Crosscourt,Backhand,Error,1.0,0.0,0.0,1.0,"Set 3: 3-0, 0-15 Henry Von Der Schulenberg Serving"
120,Giacomo Revelli,Henry Von Der Schulenberg,15-15,3-0,1-1,,Deuce,Henry Von Der Schulenberg,Giacomo Revelli,UCLA,Harvard,5399089.0,5403319.0,4230.0,4,1-4,1,0,1st Serve In,T,T,,False,Far,,,29.63076881,-214.499743,,,Down the Line,Backhand,Wide Left,,Down the Line,Backhand,Giacomo Revelli,Error,Henry Von Der Schulenberg,,False,,,3,1,1,3,0,15,15,,,4,,,Down the Line,Backhand,Down the Line,Backhand,Error,1st Serve In,Deuce: T,,,,,,1.0,0.0,0.0,1.0,"Set 3: 3-0, 15-15 Henry Von Der Schulenberg Serving"
121,Giacomo Revelli,Henry Von Der Schulenberg,30-15,3-0,1-1,,Ad,Henry Von Der Schulenberg,Giacomo Revelli,UCLA,Harvard,5422060.0,5433120.0,11060.0,4,1-4,0,1,2nd Serve In,Wide,T,Wide,False,Far,,,-50.89966098,-257.3312227,-115.2900919,-194.7470965,Crosscourt,Backhand,,,Crosscourt,Forehand,Giacomo Revelli,Winner,Giacomo Revelli,,False,,,3,1,1,3,0,30,15,,,4,,,Crosscourt,Backhand,Crosscourt,Forehand,Winner,2nd Serve In,Ad: Wide,,,,,,2.0,0.0,0.0,1.0,"Set 3: 3-0, 30-15 Henry Von Der Schulenberg Serving"
122,Giacomo Revelli,Henry Von Der Schulenberg,30-30,3-0,1-1,,Deuce,Henry Von Der Schulenberg,Giacomo Revelli,UCLA,Harvard,5479669.0,5486419.0,6750.0,6,5-8,1,0,1st Serve In,Body,Body,,False,Far,,,63.94531387,-155.1190507,,,Crosscourt,Forehand,Wide Left,,Down the Line,Backhand,Giacomo Revelli,Error,Henry Von Der Schulenberg,,False,,,3,1,1,3,0,30,30,,,4,,,Crosscourt,Forehand,Down the Line,Backhand,Error,1st Serve In,Deuce: Body,,,,,,0.0,0.0,2.0,2.0,"Set 3: 3-0, 30-30 Henry Von Der Schulenberg Serving"
123,Giacomo Revelli,Henry Von Der Schulenberg,40-30,3-0,1-1,,Deuce,Henry Von Der Schulenberg,Giacomo Revelli,UCLA,Harvard,5493220.0,5520490.0,27270.0,3,1-4,0,0,Double Fault,,T,,False,Far,,,17.19662073,-294.6903161,,,Down the Line,Backhand,Net,,Down the Line,Forehand,Henry Von Der Schulenberg,Winner,Henry Von Der Schulenberg,,False,,,3,1,1,3,0,40,30,,,4,,,Down the Line,Backhand,,,,Double Fault,,,,Down the Line,Forehand,,0.0,0.0,1.0,1.0,"Set 3: 3-0, 40-30 Henry Von Der Schulenberg Serving"
124,Giacomo Revelli,Henry Von Der Schulenberg,0-0,3-1,1-1,,Deuce,Giacomo Revelli,Henry Von Der Schulenberg,UCLA,Harvard,5546259.0,5559120.0,12861.0,12,9-12,1,0,1st Serve In,T,T,,False,Near,,,-49.17921041,242.3106573,,,Crosscourt,Backhand,,,Down the Line,Forehand,Henry Von Der Schulenberg,Winner,Henry Von Der Schulenberg,,False,Giacomo Revelli,Henry Von Der Schulenberg,3,1,1,3,1,0,0,,,5,1st Serve In,Deuce: T,,,,,,,,Crosscourt,Backhand,Down the Line,Forehand,Winner,1.0,0.0,3.0,4.0,"Set 3: 3-1, 0-0 Giacomo Revelli Serving"
125,Giacomo Revelli,Henry Von Der Schulenberg,0-15,3-1,1-1,,Ad,Giacomo Revelli,Henry Von Der Schulenberg,UCLA,Harvard,5585390.0,5602319.0,16929.0,6,5-8,0,1,2nd Serve In,Wide,Wide,Wide,False,Near,,,159.2747649,223.8220527,110.6805337,240.3765092,Crosscourt,Backhand,,,Down the Line,Backhand,Henry Von Der Schulenberg,Winner,Henry Von Der Schulenberg,,False,,,3,1,1,3,1,0,15,,,5,2nd Serve In,Ad: Wide,,,,,,,,Crosscourt,Backhand,Down the Line,Backhand,Winner,0.0,0.0,2.0,3.0,"Set 3: 3-1, 0-15 Giacomo Revelli Serving"
126,Giacomo Revelli,Henry Von Der Schulenberg,0-30,3-1,1-1,,Deuce,Giacomo Revelli,Henry Von Der Schulenberg,UCLA,Harvard,5634660.0,5666319.0,31659.0,13,13+,0,1,2nd Serve In,Body,Body,Body,False,Near,,,-99.27598425,-237.8809602,-65.7274661,243.597091,Crosscourt,Forehand,Net,,Down the Line,Forehand,Giacomo Revelli,Error,Henry Von Der Schulenberg,,False,,,3,1,1,3,1,0,30,,,5,2nd Serve In,Deuce: Body,,,Down the Line,Forehand,Error,,,Crosscourt,Forehand,,,,4.0,2.0,1.0,4.0,"Set 3: 3-1, 0-30 Giacomo Revelli Serving"
127,Giacomo Revelli,Henry Von Der Schulenberg,0-40,3-1,1-1,,Ad,Giacomo Revelli,Henry Von Der Schulenberg,UCLA,Harvard,5699850.0,5718490.0,18640.0,7,5-8,0,1,2nd Serve In,T,T,T,False,Near,,,-2.062450787,196.7520177,33.47740048,205.3102909,Down the Line,Forehand,Net,,Down the Line,Backhand,Giacomo Revelli,Error,Henry Von Der Schulenberg,,True,,,3,1,1,3,1,0,40,,,5,2nd Serve In,Ad: T,,,Down the Line,Backhand,Error,,,Down the Line,Forehand,,,,0.0,1.0,1.0,2.0,"Set 3: 3-1, 0-40 Giacomo Revelli Serving"
128,Giacomo Revelli,Henry Von Der Schulenberg,0-0,3-2,1-1,,Deuce,Henry Von Der Schulenberg,Giacomo Revelli,UCLA,Harvard,5826919.0,5831620.0,4701.0,5,5-8,1,0,1st Serve In,Wide,Wide,,False,Near,,,-105.6720199,244.8042924,,,Crosscourt,Forehand,Long,,Down the Line,Forehand,Henry Von Der Schulenberg,Error,Giacomo Revelli,,False,,,3,1,1,3,2,0,0,,,6,,,Crosscourt,Forehand,,,,1st Serve In,Deuce: Wide,,,Down the Line,Forehand,Error,1.0,0.0,1.0,1.0,"Set 3: 3-2, 0-0 Henry Von Der Schulenberg Serving"
129,Giacomo Revelli,Henry Von Der Schulenberg,0-15,3-2,1-1,,Ad,Henry Von Der Schulenberg,Giacomo Revelli,UCLA,Harvard,5854890.0,5874250.0,19360.0,4,1-4,0,1,2nd Serve In,Wide,T,Wide,False,Near,,,36.50483924,-17.6829615,121.9464075,222.4108377,Crosscourt,Backhand,Net,,Crosscourt,Forehand,Giacomo Revelli,Error,Henry Von Der Schulenberg,,False,,,3,1,1,3,2,0,15,,,6,,,Crosscourt,Backhand,Crosscourt,Forehand,Error,2nd Serve In,Ad: Wide,,,,,,0.0,1.0,1.0,0.0,"Set 3: 3-2, 0-15 Henry Von Der Schulenberg Serving"
130,Giacomo Revelli,Henry Von Der Schulenberg,15-15,3-2,1-1,,Ad,Henry Von Der Schulenberg,Giacomo Revelli,UCLA,Harvard,5900390.0,5919220.0,18830.0,8,5-8,0,0,Double Fault,Body,Wide,Body,False,Far,,,-162.6930446,369.8554571,72.59277122,-185.50222,Crosscourt,Forehand,Net,,Down the Line,Forehand,Giacomo Revelli,Error,Henry Von Der Schulenberg,,False,,,3,1,1,3,2,15,15,,,6,,,Crosscourt,Forehand,Down the Line,Forehand,Error,Double Fault,Ad: Body,,,,,,0.0,3.0,3.0,0.0,"Set 3: 3-2, 15-15 Henry Von Der Schulenberg Serving"
131,Giacomo Revelli,Henry Von Der Schulenberg,15-30,3-2,1-1,,Ad,Henry Von Der Schulenberg,Giacomo Revelli,UCLA,Harvard,5946490.0,5948919.0,2429.0,3,1-4,1,0,1st Serve In,Wide,Wide,,False,Near,,,148.4275208,187.2088145,,,Crosscourt,Backhand,,,Down the Line,Backhand,Henry Von Der Schulenberg,Winner,Henry Von Der Schulenberg,,False,,,3,1,1,3,2,15,30,,,6,,,Crosscourt,Backhand,,,,1st Serve In,Ad: Wide,,,Down the Line,Backhand,Winner,0.0,0.0,1.0,0.0,"Set 3: 3-2, 15-30 Henry Von Der Schulenberg Serving"
132,Giacomo Revelli,Henry Von Der Schulenberg,30-30,3-2,1-1,,Deuce,Henry Von Der Schulenberg,Giacomo Revelli,UCLA,Harvard,5975890.0,5978580.0,2690.0,3,1-4,1,0,1st Serve In,Wide,Wide,,False,Near,,,-123.9338364,243.7078631,,,Crosscourt,Forehand,Long,,Down the Line,Forehand,Henry Von Der Schulenberg,Error,Giacomo Revelli,,False,,,3,1,1,3,2,30,30,,,6,,,Crosscourt,Forehand,,,,1st Serve In,Deuce: Wide,,,Down the Line,Forehand,Error,0.0,0.0,1.0,0.0,"Set 3: 3-2, 30-30 Henry Von Der Schulenberg Serving"
133,Giacomo Revelli,Henry Von Der Schulenberg,30-40,3-2,1-1,,Ad,Henry Von Der Schulenberg,Giacomo Revelli,UCLA,Harvard,6002819.0,6013919.0,11100.0,9,9-12,1,0,1st Serve In,Wide,Wide,,False,Near,,,146.8679845,203.0720363,,,Crosscourt,Backhand,,,Crosscourt,,Henry Von Der Schulenberg,Winner,Henry Von Der Schulenberg,,True,,Henry Von Der Schulenberg,3,1,1,3,2,30,40,,,6,,,Crosscourt,Backhand,,,,1st Serve In,Ad: Wide,,,Crosscourt,,Winner,0.0,0.0,3.0,4.0,"Set 3: 3-2, 30-40 Henry Von Der Schulenberg Serving"
134,Giacomo Revelli,Henry Von Der Schulenberg,40-40,3-2,1-1,,Deuce,Henry Von Der Schulenberg,Giacomo Revelli,UCLA,Harvard,6042819.0,6048919.0,6100.0,6,5-8,1,0,1st Serve In,T,T,,False,Near,,,-3.37947,236.7740048,,,Crosscourt,Backhand,,,Crosscourt,Forehand,Giacomo Revelli,Winner,Giacomo Revelli,,True,Giacomo Revelli,,3,1,1,3,2,40,40,,,6,,,Crosscourt,Backhand,Crosscourt,Forehand,Winner,1st Serve In,Deuce: T,,,,,,2.0,0.0,1.0,2.0,"Set 3: 3-2, 40-40 Henry Von Der Schulenberg Serving"
135,Giacomo Revelli,Henry Von Der Schulenberg,0-0,4-2,1-1,,Deuce,Giacomo Revelli,Henry Von Der Schulenberg,UCLA,Harvard,6076530.0,6080720.0,4190.0,4,1-4,1,0,1st Serve In,T,T,,False,Far,,,33.54,-210.4353,,,Down the Line,Backhand,Net,,Down the Line,Forehand,Henry Von Der Schulenberg,Error,Giacomo Revelli,,False,,,3,1,1,4,2,0,0,,,7,1st Serve In,Deuce: T,,,,,,,,Down the Line,Backhand,Down the Line,Forehand,Error,0.0,0.0,1.0,1.0,"Set 3: 4-2, 0-0 Giacomo Revelli Serving"
136,Giacomo Revelli,Henry Von Der Schulenberg,15-0,4-2,1-1,,Ad,Giacomo Revelli,Henry Von Der Schulenberg,UCLA,Harvard,6102549.0,6103520.0,971.0,2,1-4,1,0,1st Serve In,T,T,,False,Far,,,-36.09478346,-182.5846347,,,Crosscourt,Forehand,Long,Long,Crosscourt,Forehand,Henry Von Der Schulenberg,Error,Giacomo Revelli,,False,,,3,1,1,4,2,15,0,,,7,1st Serve In,Ad: T,,,,,,,,Crosscourt,Forehand,Crosscourt,Forehand,Error,0.0,0.0,0.0,0.0,"Set 3: 4-2, 15-0 Giacomo Revelli Serving"
137,Giacomo Revelli,Henry Von Der Schulenberg,30-0,4-2,1-1,,Deuce,Giacomo Revelli,Henry Von Der Schulenberg,UCLA,Harvard,6121620.0,6144220.0,22600.0,16,13+,1,0,1st Serve In,T,T,,False,Far,,,32.42116142,-213.8255796,,,Down the Line,Backhand,,,Down the Line,Forehand,Henry Von Der Schulenberg,Winner,Henry Von Der Schulenberg,,False,,Henry Von Der Schulenberg,3,1,1,4,2,30,0,,,7,1st Serve In,Deuce: T,,,,,,,,Down the Line,Backhand,Down the Line,Forehand,Winner,3.0,1.0,4.0,6.0,"Set 3: 4-2, 30-0 Giacomo Revelli Serving"
138,Giacomo Revelli,Henry Von Der Schulenberg,30-15,4-2,1-1,,Ad,Giacomo Revelli,Henry Von Der Schulenberg,UCLA,Harvard,6182879.0,6196220.0,13341.0,2,1-4,1,1,1st Serve In,Wide,Wide,T,False,Far,,,-155.7554353,-228.4607776,-32.45821304,-152.0160542,Crosscourt,Forehand,Long,Long,Crosscourt,Forehand,Henry Von Der Schulenberg,Error,Giacomo Revelli,,False,,,3,1,1,4,2,30,15,,,7,1st Serve In,Ad: Wide,,,,,,,,Crosscourt,Forehand,Crosscourt,Forehand,Error,0.0,0.0,0.0,0.0,"Set 3: 4-2, 30-15 Giacomo Revelli Serving"
139,Giacomo Revelli,Henry Von Der Schulenberg,40-15,4-2,1-1,,Deuce,Giacomo Revelli,Henry Von Der Schulenberg,UCLA,Harvard,6219979.0,6235720.0,15741.0,8,5-8,1,0,1st Serve In,Body,Body,,False,Far,,,55.41995844,-161.4365431,,,Down the Line,Backhand,Wide Left,,Down the Line,Backhand,Henry Von Der Schulenberg,Error,Giacomo Revelli,,False,Giacomo Revelli,Henry Von Der Schulenberg,3,1,1,4,2,40,15,,,7,1st Serve In,Deuce: Body,,,,,,,,Down the Line,Backhand,Down the Line,Backhand,Error,1.0,1.0,2.0,2.0,"Set 3: 4-2, 40-15 Giacomo Revelli Serving"
140,Giacomo Revelli,Henry Von Der Schulenberg,40-30,4-2,1-1,,Ad,Giacomo Revelli,Henry Von Der Schulenberg,UCLA,Harvard,6260220.0,6321709.0,61489.0,3,1-4,1,0,1st Serve In,T,T,,False,Far,,,-24.52778871,-184.875175,,,Down the Line,Forehand,Wide Right,,Down the Line,,Giacomo Revelli,Error,Henry Von Der Schulenberg,,False,Giacomo Revelli,,3,1,1,4,2,40,30,,,7,1st Serve In,Ad: T,,,Down the Line,,Error,,,Down the Line,Forehand,,,,0.0,1.0,0.0,0.0,"Set 3: 4-2, 40-30 Giacomo Revelli Serving"
141,Giacomo Revelli,Henry Von Der Schulenberg,0-0,5-2,1-1,,Deuce,Henry Von Der Schulenberg,Giacomo Revelli,UCLA,Harvard,6331410.0,6358149.0,26739.0,5,5-8,0,0,Double Fault,,T,,False,Near,,,47.15025153,244.2280402,,,Down the Line,Backhand,Net,,Crosscourt,Forehand,Henry Von Der Schulenberg,Error,Giacomo Revelli,,False,,,3,1,1,5,2,0,0,,,8,,,Down the Line,Backhand,,,,Double Fault,,,,Crosscourt,Forehand,,2.0,1.0,0.0,0.0,"Set 3: 5-2, 0-0 Henry Von Der Schulenberg Serving"
142,Giacomo Revelli,Henry Von Der Schulenberg,0-15,5-2,1-1,,Ad,Henry Von Der Schulenberg,Giacomo Revelli,UCLA,Harvard,6390979.0,6491580.0,100601.0,3,1-4,0,1,2nd Serve In,Wide,Wide,Wide,False,Far,,,-110.8332568,-269.7455052,-131.7625984,-156.2839184,Down the Line,Backhand,Net,,Crosscourt,Forehand,Henry Von Der Schulenberg,Error,Giacomo Revelli,,False,,,3,1,1,5,2,0,15,,,8,,,Down the Line,Backhand,,,,2nd Serve In,Ad: Wide,,,Crosscourt,Forehand,Error,0.0,0.0,1.0,0.0,"Set 3: 5-2, 0-15 Henry Von Der Schulenberg Serving"
143,Giacomo Revelli,Henry Von Der Schulenberg,0-30,5-2,1-1,,Deuce,Henry Von Der Schulenberg,Giacomo Revelli,UCLA,Harvard,6522779.0,6531109.0,8330.0,8,5-8,1,0,1st Serve In,Wide,Wide,,False,Far,,,138.8229987,-139.6751094,,,Down the Line,Forehand,Long,,Crosscourt,Forehand,Giacomo Revelli,Error,Henry Von Der Schulenberg,,False,,,3,1,1,5,2,0,30,,,8,,,Down the Line,Forehand,Crosscourt,Forehand,Error,1st Serve In,Deuce: Wide,,,,,,1.0,0.0,2.0,3.0,"Set 3: 5-2, 0-30 Henry Von Der Schulenberg Serving"
144,Giacomo Revelli,Henry Von Der Schulenberg,15-30,5-2,1-1,,Ad,Henry Von Der Schulenberg,Giacomo Revelli,UCLA,Harvard,6557779.0,6567310.0,9531.0,10,9-12,1,0,1st Serve In,Wide,Wide,,False,Far,,,-108.1122594,-216.5004921,,,Crosscourt,Backhand,Net,,Down the Line,Backhand,Giacomo Revelli,Error,Henry Von Der Schulenberg,,False,Giacomo Revelli,,3,1,1,5,2,15,30,,,8,,,Crosscourt,Backhand,Down the Line,Backhand,Error,1st Serve In,Ad: Wide,,,,,,3.0,0.0,1.0,4.0,"Set 3: 5-2, 15-30 Henry Von Der Schulenberg Serving"
145,Giacomo Revelli,Henry Von Der Schulenberg,30-30,5-2,1-1,,Deuce,Henry Von Der Schulenberg,Giacomo Revelli,UCLA,Harvard,6601390.0,6602009.0,619.0,2,1-4,1,0,1st Serve In,Wide,Wide,,False,Far,,,151.5047572,-242.9678259,,,Down the Line,Forehand,Net,Net,Down the Line,Forehand,Giacomo Revelli,Error,Henry Von Der Schulenberg,,False,,,3,1,1,5,2,30,30,,,8,,,Down the Line,Forehand,Down the Line,Forehand,Error,1st Serve In,Deuce: Wide,,,,,,0.0,0.0,0.0,0.0,"Set 3: 5-2, 30-30 Henry Von Der Schulenberg Serving"
146,Giacomo Revelli,Henry Von Der Schulenberg,40-30,5-2,1-1,,Ad,Henry Von Der Schulenberg,Giacomo Revelli,UCLA,Harvard,6624479.0,6638379.0,13900.0,4,1-4,0,1,2nd Serve In,Body,Body,Body,False,Far,,,-57.70135061,3.596188758,-101.2543034,-125.373797,Crosscourt,Forehand,Net,,Crosscourt,Forehand,Giacomo Revelli,Error,Henry Von Der Schulenberg,,False,,,3,1,1,5,2,40,30,,,8,,,Crosscourt,Forehand,Crosscourt,Forehand,Error,2nd Serve In,Ad: Body,,,,,,0.0,0.0,1.0,1.0,"Set 3: 5-2, 40-30 Henry Von Der Schulenberg Serving"
147,Giacomo Revelli,Henry Von Der Schulenberg,0-0,5-3,1-1,,Deuce,Giacomo Revelli,Henry Von Der Schulenberg,UCLA,Harvard,6675410.0,6679910.0,4500.0,5,5-8,1,0,1st Serve In,Wide,Wide,,False,Near,,,-134.6411417,164.52465,,,Down the Line,Forehand,,,Crosscourt,Forehand,Giacomo Revelli,Winner,Giacomo Revelli,,False,Giacomo Revelli,,3,1,1,5,3,0,0,,,9,1st Serve In,Deuce: Wide,,,Crosscourt,Forehand,Winner,,,Down the Line,Forehand,,,,2.0,0.0,0.0,2.0,"Set 3: 5-3, 0-0 Giacomo Revelli Serving"
148,Giacomo Revelli,Henry Von Der Schulenberg,15-0,5-3,1-1,,Ad,Giacomo Revelli,Henry Von Der Schulenberg,UCLA,Harvard,6703310.0,6723009.0,19699.0,9,9-12,0,1,2nd Serve In,T,Wide,T,False,Near,,,118.075164,249.3074803,42.41679243,243.477745,Down the Line,Forehand,Wide Right,,Down the Line,Backhand,Giacomo Revelli,Error,Henry Von Der Schulenberg,,False,,,3,1,1,5,3,15,0,,,9,2nd Serve In,Ad: T,,,Down the Line,Backhand,Error,,,Down the Line,Forehand,,,,0.0,1.0,2.0,3.0,"Set 3: 5-3, 15-0 Giacomo Revelli Serving"
149,Giacomo Revelli,Henry Von Der Schulenberg,15-15,5-3,1-1,,Deuce,Giacomo Revelli,Henry Von Der Schulenberg,UCLA,Harvard,6729910.0,6752279.0,22369.0,3,1-4,0,1,2nd Serve In,Body,T,Body,False,Near,,,-50.58254046,-236.4747594,-55.83667432,244.7146872,Crosscourt,Backhand,Net,,Down the Line,Forehand,Giacomo Revelli,Error,Henry Von Der Schulenberg,,False,,,3,1,1,5,3,15,15,,,9,2nd Serve In,Deuce: Body,,,Down the Line,Forehand,Error,,,Crosscourt,Backhand,,,,0.0,0.0,0.0,0.0,"Set 3: 5-3, 15-15 Giacomo Revelli Serving"
150,Giacomo Revelli,Henry Von Der Schulenberg,15-30,5-3,1-1,,Ad,Giacomo Revelli,Henry Von Der Schulenberg,UCLA,Harvard,6780839.0,6787040.0,6201.0,6,5-8,1,0,1st Serve In,Wide,Wide,,False,Near,,,111.5757054,241.9897857,,,Down the Line,Backhand,Net,,Down the Line,Backhand,Henry Von Der Schulenberg,Error,Giacomo Revelli,,False,,,3,1,1,5,3,15,30,,,9,1st Serve In,Ad: Wide,,,,,,,,Down the Line,Backhand,Down the Line,Backhand,Error,1.0,0.0,1.0,2.0,"Set 3: 5-3, 15-30 Giacomo Revelli Serving"
151,Giacomo Revelli,Henry Von Der Schulenberg,30-30,5-3,1-1,,Deuce,Giacomo Revelli,Henry Von Der Schulenberg,UCLA,Harvard,6790979.0,6827609.0,36630.0,5,5-8,0,1,2nd Serve In,Wide,Body,Wide,False,Near,,,73.54279309,-41.51465442,-108.9724847,244.6961614,Down the Line,Forehand,Long,,Crosscourt,Backhand,Giacomo Revelli,Error,Henry Von Der Schulenberg,,False,,,3,1,1,5,3,30,30,,,9,2nd Serve In,Deuce: Wide,,,Crosscourt,Backhand,Error,,,Down the Line,Forehand,,,,0.0,0.0,1.0,2.0,"Set 3: 5-3, 30-30 Giacomo Revelli Serving"
152,Giacomo Revelli,Henry Von Der Schulenberg,30-40,5-3,1-1,,Ad,Giacomo Revelli,Henry Von Der Schulenberg,UCLA,Harvard,6854609.0,6869379.0,14770.0,4,1-4,0,1,2nd Serve In,Wide,T,Wide,False,Near,,,26.11342957,343.3509569,105.6027395,192.0567968,Crosscourt,Backhand,Long,,Crosscourt,Backhand,Henry Von Der Schulenberg,Error,Giacomo Revelli,,True,,,3,1,1,5,3,30,40,,,9,2nd Serve In,Ad: Wide,,,,,,,,Crosscourt,Backhand,Crosscourt,Backhand,Error,1.0,0.0,0.0,1.0,"Set 3: 5-3, 30-40 Giacomo Revelli Serving"
153,Giacomo Revelli,Henry Von Der Schulenberg,40-40,5-3,1-1,,Ad,Giacomo Revelli,Henry Von Der Schulenberg,UCLA,Harvard,6892301.0,6899209.0,6908.0,5,5-8,0,1,2nd Serve In,Body,T,Body,False,Near,,,26.11342957,343.3509569,83.6703248,244.2925744,Crosscourt,Backhand,Long,,Down the Line,,Giacomo Revelli,Error,Henry Von Der Schulenberg,,True,Giacomo Revelli,,3,1,1,5,3,40,40,,,9,2nd Serve In,Ad: Body,,,Down the Line,,Error,,,Crosscourt,Backhand,,,,0.0,1.0,1.0,1.0,"Set 3: 5-3, 40-40 Giacomo Revelli Serving"
154,Giacomo Revelli,Henry Von Der Schulenberg,0-0,5-4,1-1,,Deuce,Henry Von Der Schulenberg,Giacomo Revelli,UCLA,Harvard,6989270.0,6991509.0,2239.0,3,1-4,1,0,1st Serve In,Wide,Wide,,False,Near,,,-149.885701,243.477745,,,Crosscourt,Forehand,,,Down the Line,,Henry Von Der Schulenberg,Winner,Henry Von Der Schulenberg,,False,,Henry Von Der Schulenberg,3,1,1,5,4,0,0,,,10,,,Crosscourt,Forehand,,,,1st Serve In,Deuce: Wide,,,Down the Line,,Winner,0.0,1.0,1.0,0.0,"Set 3: 5-4, 0-0 Henry Von Der Schulenberg Serving"
155,Giacomo Revelli,Henry Von Der Schulenberg,15-0,5-4,1-1,,Ad,Henry Von Der Schulenberg,Giacomo Revelli,UCLA,Harvard,7015669.0,7017939.0,2270.0,3,1-4,0,0,Double Fault,,Body,,False,Near,,,65.57275262,330.2347988,,,Crosscourt,Forehand,Net,,Down the Line,Forehand,Henry Von Der Schulenberg,Error,Giacomo Revelli,,False,,,3,1,1,5,4,15,0,,,10,,,Crosscourt,Forehand,,,,Double Fault,,,,Down the Line,Forehand,,1.0,0.0,0.0,0.0,"Set 3: 5-4, 15-0 Henry Von Der Schulenberg Serving"
156,Giacomo Revelli,Henry Von Der Schulenberg,15-15,5-4,1-1,,Deuce,Henry Von Der Schulenberg,Giacomo Revelli,UCLA,Harvard,7047810.0,7063950.0,16140.0,12,9-12,1,0,1st Serve In,Wide,Wide,,False,Near,,,-122.823,182.2120899,,,Crosscourt,Forehand,Net,,Down the Line,Backhand,Giacomo Revelli,Error,Henry Von Der Schulenberg,,False,,Henry Von Der Schulenberg,3,1,1,5,4,15,15,,,10,,,Crosscourt,Forehand,Down the Line,Backhand,Error,1st Serve In,Deuce: Wide,,,,,,1.0,1.0,4.0,3.0,"Set 3: 5-4, 15-15 Henry Von Der Schulenberg Serving"
157,Giacomo Revelli,Henry Von Der Schulenberg,30-15,5-4,1-1,,Ad,Henry Von Der Schulenberg,Giacomo Revelli,UCLA,Harvard,7100740.0,7108709.0,7969.0,7,5-8,1,0,1st Serve In,Wide,Wide,,False,Near,,,130.066262,244.0566,,,Down the Line,Backhand,,,Crosscourt,,Henry Von Der Schulenberg,Winner,Henry Von Der Schulenberg,,False,,Henry Von Der Schulenberg,3,1,1,5,4,30,15,,,10,,,Down the Line,Backhand,,,,1st Serve In,Ad: Wide,,,Crosscourt,,Winner,0.0,0.0,3.0,2.0,"Set 3: 5-4, 30-15 Henry Von Der Schulenberg Serving"
158,Giacomo Revelli,Henry Von Der Schulenberg,40-15,5-4,1-1,,Deuce,Henry Von Der Schulenberg,Giacomo Revelli,UCLA,Harvard,7140169.0,7163509.0,23340.0,11,9-12,0,1,2nd Serve In,T,T,T,False,Near,,,13.16006124,204.6473042,-15.60076006,188.3773567,Down the Line,Backhand,,,Crosscourt,Forehand,Henry Von Der Schulenberg,Winner,Henry Von Der Schulenberg,,False,,,3,1,1,5,4,40,15,,,10,,,Down the Line,Backhand,,,,2nd Serve In,Deuce: T,,,Crosscourt,Forehand,Winner,1.0,1.0,4.0,4.0,"Set 3: 5-4, 40-15 Henry Von Der Schulenberg Serving"
159,Giacomo Revelli,Henry Von Der Schulenberg,0-0,5-5,1-1,,Deuce,Giacomo Revelli,Henry Von Der Schulenberg,UCLA,Harvard,7200069.0,7206410.0,6341.0,6,5-8,1,0,1st Serve In,Body,Body,,False,Far,,,67.93869751,-115.9326006,,,Down the Line,Backhand,,,Crosscourt,Backhand,Henry Von Der Schulenberg,Winner,Henry Von Der Schulenberg,,False,,,3,1,1,5,5,0,0,,,11,1st Serve In,Deuce: Body,,,,,,,,Down the Line,Backhand,Crosscourt,Backhand,Winner,1.0,1.0,1.0,2.0,"Set 3: 5-5, 0-0 Giacomo Revelli Serving"
160,Giacomo Revelli,Henry Von Der Schulenberg,0-15,5-5,1-1,,Ad,Giacomo Revelli,Henry Von Der Schulenberg,UCLA,Harvard,7243640.0,7302439.0,58799.0,6,5-8,0,1,2nd Serve In,Wide,Body,Wide,False,Far,,,-55.29896654,7.205889108,-121.3722988,-162.9012303,Crosscourt,Backhand,Net,,Down the Line,Forehand,Henry Von Der Schulenberg,Error,Giacomo Revelli,,False,,,3,1,1,5,5,0,15,,,11,2nd Serve In,Ad: Wide,,,,,,,,Crosscourt,Backhand,Down the Line,Forehand,Error,1.0,1.0,1.0,1.0,"Set 3: 5-5, 0-15 Giacomo Revelli Serving"
161,Giacomo Revelli,Henry Von Der Schulenberg,0-30,5-5,1-1,,Deuce,Giacomo Revelli,Henry Von Der Schulenberg,UCLA,Harvard,7332240.0,7348770.0,16530.0,2,1-4,0,1,2nd Serve In,Body,Body,Body,False,Far,,,101.8436461,230.2680774,58.47265967,-116.2102964,Down the Line,Forehand,Net,Net,Down the Line,Forehand,Henry Von Der Schulenberg,Error,Giacomo Revelli,,False,,,3,1,1,5,5,0,30,,,11,2nd Serve In,Deuce: Body,,,,,,,,Down the Line,Forehand,Down the Line,Forehand,Error,0.0,0.0,0.0,0.0,"Set 3: 5-5, 0-30 Giacomo Revelli Serving"
162,Giacomo Revelli,Henry Von Der Schulenberg,15-30,5-5,1-1,,Ad,Giacomo Revelli,Henry Von Der Schulenberg,UCLA,Harvard,7377169.0,7387970.0,10801.0,9,9-12,1,0,1st Serve In,T,T,,False,Far,,,-37.93036964,-174.9773786,,,Crosscourt,Forehand,Long,,Crosscourt,Backhand,Giacomo Revelli,Error,Henry Von Der Schulenberg,,False,,,3,1,1,5,5,15,30,,,11,1st Serve In,Ad: T,,,Crosscourt,Backhand,Error,,,Crosscourt,Forehand,,,,2.0,1.0,1.0,3.0,"Set 3: 5-5, 15-30 Giacomo Revelli Serving"
163,Giacomo Revelli,Henry Von Der Schulenberg,15-40,5-5,1-1,,Deuce,Giacomo Revelli,Henry Von Der Schulenberg,UCLA,Harvard,7416669.0,7424600.0,7931.0,7,5-8,1,0,1st Serve In,T,T,,False,Far,,,43.03522528,-147.6408629,,,Down the Line,Backhand,Wide Right,,Crosscourt,Backhand,Giacomo Revelli,Error,Henry Von Der Schulenberg,,True,,,3,1,1,5,5,15,40,,,11,1st Serve In,Deuce: T,,,Crosscourt,Backhand,Error,,,Down the Line,Backhand,,,,2.0,1.0,0.0,2.0,"Set 3: 5-5, 15-40 Giacomo Revelli Serving"
164,Giacomo Revelli,Henry Von Der Schulenberg,0-0,5-6,1-1,,Deuce,Henry Von Der Schulenberg,Giacomo Revelli,UCLA,Harvard,7519270.0,7522299.0,3029.0,3,1-4,1,0,1st Serve In,T,T,,False,Far,,,29.56627297,-195.9690343,,,Crosscourt,Backhand,Long,,Crosscourt,Forehand,Henry Von Der Schulenberg,Error,Giacomo Revelli,,False,,,3,1,1,5,6,0,0,,,12,,,Crosscourt,Backhand,,,,1st Serve In,Deuce: T,,,Crosscourt,Forehand,Error,1.0,0.0,0.0,0.0,"Set 3: 5-6, 0-0 Henry Von Der Schulenberg Serving"
165,Giacomo Revelli,Henry Von Der Schulenberg,0-15,5-6,1-1,,Deuce,Henry Von Der Schulenberg,Giacomo Revelli,UCLA,Harvard,7528899.0,7548669.0,19770.0,2,1-4,0,0,Double Fault,,T,,False,Near,,,47.57282371,21.05818023,,,Down the Line,Forehand,Wide Left,Wide Left,Down the Line,Forehand,Giacomo Revelli,Error,Henry Von Der Schulenberg,,False,,,3,1,1,5,6,0,15,,,12,,,Down the Line,Forehand,Down the Line,Forehand,Error,Double Fault,,,,,,,0.0,0.0,0.0,0.0,"Set 3: 5-6, 0-15 Henry Von Der Schulenberg Serving"
166,Giacomo Revelli,Henry Von Der Schulenberg,15-15,5-6,1-1,,Deuce,Henry Von Der Schulenberg,Giacomo Revelli,UCLA,Harvard,7662899.0,7670729.0,7830.0,7,5-8,1,0,1st Serve In,Wide,Wide,,False,Far,,,141.2998305,-221.0876969,,,Down the Line,Forehand,Long,,Crosscourt,Forehand,Henry Von Der Schulenberg,Error,Giacomo Revelli,,False,,,3,1,1,5,6,15,15,,,12,,,Down the Line,Forehand,,,,1st Serve In,Deuce: Wide,,,Crosscourt,Forehand,Error,1.0,1.0,2.0,1.0,"Set 3: 5-6, 15-15 Henry Von Der Schulenberg Serving"
167,Giacomo Revelli,Henry Von Der Schulenberg,15-30,5-6,1-1,,Ad,Henry Von Der Schulenberg,Giacomo Revelli,UCLA,Harvard,7697600.0,7720600.0,23000.0,7,5-8,0,1,2nd Serve In,Body,Wide,Body,False,Far,,,-162.6031332,-173.4489611,-102.9178368,-124.862079,Down the Line,Backhand,Net,,Down the Line,Backhand,Henry Von Der Schulenberg,Error,Giacomo Revelli,,False,,,3,1,1,5,6,15,30,,,12,,,Down the Line,Backhand,,,,2nd Serve In,Ad: Body,,,Down the Line,Backhand,Error,2.0,0.0,1.0,2.0,"Set 3: 5-6, 15-30 Henry Von Der Schulenberg Serving"
168,Giacomo Revelli,Henry Von Der Schulenberg,30-30,5-6,1-1,,Deuce,Henry Von Der Schulenberg,Giacomo Revelli,UCLA,Harvard,7749370.0,7768500.0,19130.0,14,13+,1,0,1st Serve In,Wide,Wide,,False,Far,,,135.2589622,-197.1499016,,,Down the Line,Forehand,Net,,Down the Line,Forehand,Giacomo Revelli,Error,Henry Von Der Schulenberg,,False,,,3,1,1,5,6,30,30,,,12,,,Down the Line,Forehand,Down the Line,Forehand,Error,1st Serve In,Deuce: Wide,,,,,,4.0,2.0,2.0,4.0,"Set 3: 5-6, 30-30 Henry Von Der Schulenberg Serving"
169,Giacomo Revelli,Henry Von Der Schulenberg,40-30,5-6,1-1,,Ad,Henry Von Der Schulenberg,Giacomo Revelli,UCLA,Harvard,7799430.0,7801350.0,1920.0,3,1-4,1,0,1st Serve In,,Wide,,False,Far,,,-142.773,-182.759,,,Crosscourt,Forehand,,,Down the Line,Backhand,Henry Von Der Schulenberg,Winner,Henry Von Der Schulenberg,,False,,Henry Von Der Schulenberg,3,1,1,5,6,40,30,,,12,,,Crosscourt,Forehand,,,,1st Serve In,,,,Down the Line,Backhand,Winner,0.0,0.0,1.0,1.0,"Set 3: 5-6, 40-30 Henry Von Der Schulenberg Serving"
